type, setup, encryption, homomorphic, decryption, plaintext, total, value
opt-rot-slot, 284, 8895, 421, 1, 0, 9601, 1.00012
opt-rot-slot, 276, 8394, 420, 1, 0, 9091, 1.00012
opt-rot-slot, 272, 8419, 427, 1, 0, 9119, 1.00012
opt-rot-slot, 274, 8377, 417, 1, 0, 9069, 1.00012
opt-rot-slot, 276, 8383, 422, 1, 0, 9082, 1.00012
opt-rot-slot, 271, 8340, 412, 1, 0, 9024, 1.00012
opt-rot-slot, 275, 8382, 419, 1, 0, 9077, 1.00012
opt-rot-slot, 273, 8316, 414, 1, 0, 9004, 1.00012
opt-rot-slot, 266, 8372, 422, 1, 0, 9061, 1.00012
opt-rot-slot, 269, 8334, 412, 1, 0, 9016, 1.00012
opt-rot-slot, 271, 8365, 416, 1, 0, 9053, 1.00012
opt-rot-slot, 268, 8367, 418, 1, 0, 9054, 1.00012
opt-rot-slot, 277, 8312, 416, 1, 0, 9006, 1.00012
opt-rot-slot, 266, 8315, 412, 1, 0, 8994, 1.00012
opt-rot-slot, 272, 8471, 424, 1, 0, 9168, 1.00012
opt-rot-slot, 276, 8368, 418, 1, 0, 9063, 1.00012
opt-rot-slot, 274, 8363, 413, 1, 0, 9051, 1.00012
opt-rot-slot, 272, 8360, 421, 1, 0, 9054, 1.00012
opt-rot-slot, 270, 8357, 416, 1, 0, 9044, 1.00012
opt-rot-slot, 267, 8326, 414, 1, 0, 9008, 1.00012
opt-rot-slot, 272, 8364, 413, 1, 0, 9050, 1.00012
opt-rot-slot, 273, 8366, 414, 1, 0, 9054, 1.00012
opt-rot-slot, 276, 8314, 411, 1, 0, 9002, 1.00012
opt-rot-slot, 269, 8352, 418, 1, 0, 9040, 1.00012
opt-rot-slot, 269, 8320, 420, 1, 0, 9010, 1.00012
opt-rot-slot, 270, 8363, 426, 1, 0, 9060, 1.00012
opt-rot-slot, 269, 8313, 422, 1, 0, 9005, 1.00012
opt-rot-slot, 273, 8369, 414, 1, 0, 9057, 1.00012
opt-rot-slot, 268, 8347, 418, 1, 0, 9034, 1.00012
opt-rot-slot, 268, 8314, 413, 1, 0, 8996, 1.00012
opt-rot-slot, 274, 8317, 412, 1, 0, 9004, 1.00012
opt-rot-slot, 269, 8343, 416, 1, 0, 9029, 1.00012
opt-rot-slot, 275, 8327, 413, 1, 0, 9016, 1.00012
opt-rot-slot, 269, 8357, 416, 1, 0, 9043, 1.00012
opt-rot-slot, 274, 8351, 414, 1, 0, 9040, 1.00012
opt-rot-slot, 279, 8317, 412, 1, 0, 9009, 1.00012
opt-rot-slot, 272, 8319, 411, 1, 0, 9003, 1.00012
opt-rot-slot, 269, 8336, 415, 1, 0, 9021, 1.00012
opt-rot-slot, 271, 8318, 414, 1, 0, 9004, 1.00012
opt-rot-slot, 268, 8322, 411, 1, 0, 9002, 1.00012
opt-rot-slot, 272, 8335, 414, 1, 0, 9022, 1.00012
opt-rot-slot, 272, 8352, 417, 1, 0, 9042, 1.00012
opt-rot-slot, 270, 8298, 409, 1, 0, 8978, 1.00012
opt-rot-slot, 270, 8340, 417, 1, 0, 9028, 1.00012
opt-rot-slot, 273, 8363, 416, 1, 0, 9053, 1.00012
opt-rot-slot, 270, 8335, 420, 1, 0, 9026, 1.00012
opt-rot-slot, 268, 8361, 414, 1, 0, 9044, 1.00012
opt-rot-slot, 270, 8355, 416, 1, 0, 9042, 1.00012
opt-rot-slot, 272, 8337, 415, 1, 0, 9025, 1.00012
opt-rot-slot, 269, 8311, 408, 1, 0, 8989, 1.00012
opt-rot-slot, 267, 8311, 412, 1, 0, 8991, 1.00012
opt-rot-slot, 276, 8312, 414, 1, 0, 9003, 1.00012
opt-rot-slot, 273, 8332, 414, 1, 0, 9020, 1.00012
opt-rot-slot, 280, 8333, 413, 1, 0, 9027, 1.00012
opt-rot-slot, 271, 8313, 412, 1, 0, 8997, 1.00012
opt-rot-slot, 270, 8343, 422, 1, 0, 9036, 1.00012
opt-rot-slot, 273, 8323, 414, 1, 0, 9011, 1.00012
opt-rot-slot, 272, 8352, 416, 1, 0, 9041, 1.00012
opt-rot-slot, 291, 8368, 420, 1, 0, 9080, 1.00012
opt-rot-slot, 269, 8340, 411, 1, 0, 9021, 1.00012
opt-rot-slot, 273, 8296, 412, 1, 0, 8982, 1.00012
opt-rot-slot, 269, 8341, 415, 1, 0, 9026, 1.00012
opt-rot-slot, 272, 8325, 413, 1, 0, 9011, 1.00012
opt-rot-slot, 272, 8343, 411, 1, 0, 9027, 1.00012
opt-rot-slot, 274, 8379, 415, 1, 0, 9069, 1.00012
opt-rot-slot, 277, 8434, 421, 1, 0, 9133, 1.00012
opt-rot-slot, 272, 8345, 416, 1, 0, 9034, 1.00012
opt-rot-slot, 270, 8337, 417, 1, 0, 9025, 1.00012
opt-rot-slot, 270, 8327, 412, 1, 0, 9010, 1.00012
opt-rot-slot, 272, 8326, 411, 1, 0, 9010, 1.00012
opt-rot-slot, 272, 8341, 426, 1, 0, 9040, 1.00012
opt-rot-slot, 283, 8360, 410, 1, 0, 9054, 1.00012
opt-rot-slot, 272, 8343, 409, 1, 0, 9025, 1.00012
opt-rot-slot, 274, 8353, 415, 1, 0, 9043, 1.00012
opt-rot-slot, 272, 8368, 417, 1, 0, 9058, 1.00012
opt-rot-slot, 270, 8365, 421, 1, 0, 9057, 1.00012
opt-rot-slot, 280, 8302, 412, 1, 0, 8995, 1.00012
opt-rot-slot, 269, 8360, 414, 1, 0, 9044, 1.00012
opt-rot-slot, 280, 8322, 415, 1, 0, 9018, 1.00012
opt-rot-slot, 273, 8345, 415, 1, 0, 9034, 1.00012
opt-rot-slot, 269, 8354, 414, 1, 0, 9038, 1.00012
opt-rot-slot, 272, 8321, 414, 1, 0, 9008, 1.00012
opt-rot-slot, 272, 8674, 414, 1, 0, 9361, 1.00012
opt-rot-slot, 267, 8372, 419, 1, 0, 9059, 1.00012
opt-rot-slot, 272, 8325, 416, 1, 0, 9014, 1.00012
opt-rot-slot, 269, 8297, 412, 1, 0, 8979, 1.00012
opt-rot-slot, 279, 8337, 413, 1, 0, 9030, 1.00012
opt-rot-slot, 270, 8309, 410, 1, 0, 8990, 1.00012
opt-rot-slot, 270, 8327, 413, 1, 0, 9011, 1.00012
opt-rot-slot, 269, 8359, 415, 1, 0, 9044, 1.00012
opt-rot-slot, 269, 8360, 417, 1, 0, 9047, 1.00012
opt-rot-slot, 270, 8350, 413, 1, 0, 9034, 1.00012
opt-rot-slot, 268, 8403, 409, 1, 0, 9081, 1.00012
opt-rot-slot, 272, 8314, 413, 1, 0, 9000, 1.00012
opt-rot-slot, 271, 8328, 419, 1, 0, 9019, 1.00012
opt-rot-slot, 268, 8359, 422, 1, 0, 9050, 1.00012
opt-rot-slot, 275, 8365, 414, 1, 0, 9055, 1.00012
opt-rot-slot, 274, 8333, 412, 1, 0, 9020, 1.00012
opt-rot-slot, 270, 8299, 414, 1, 0, 8984, 1.00012
opt-rot-slot, 274, 8313, 409, 1, 0, 8997, 1.00012
opt-rot-slot, 273, 8328, 417, 1, 0, 9019, 1.00012
opt-rot-slot, 270, 8323, 422, 1, 0, 9016, 1.00012
opt-rot-slot, 268, 8344, 413, 1, 0, 9026, 1.00012
opt-rot-slot, 280, 8339, 415, 1, 0, 9035, 1.00012
opt-rot-slot, 268, 8299, 412, 1, 0, 8980, 1.00012
opt-rot-slot, 270, 8311, 411, 1, 0, 8993, 1.00012
opt-rot-slot, 267, 8307, 414, 1, 0, 8989, 1.00012
opt-rot-slot, 276, 8330, 418, 1, 0, 9025, 1.00012
opt-rot-slot, 272, 8416, 419, 1, 0, 9108, 1.00012
opt-rot-slot, 269, 8365, 412, 1, 0, 9047, 1.00012
opt-rot-slot, 271, 8347, 417, 1, 0, 9036, 1.00012
opt-rot-slot, 269, 8334, 411, 1, 0, 9015, 1.00012
opt-rot-slot, 271, 8360, 417, 1, 0, 9049, 1.00012
opt-rot-slot, 268, 8354, 415, 1, 0, 9038, 1.00012
opt-rot-slot, 269, 8356, 420, 1, 0, 9046, 1.00012
opt-rot-slot, 279, 8349, 414, 1, 0, 9043, 1.00012
opt-rot-slot, 280, 8389, 417, 1, 0, 9087, 1.00012
opt-rot-slot, 268, 8364, 417, 1, 0, 9050, 1.00012
opt-rot-slot, 269, 8361, 424, 1, 0, 9055, 1.00012
opt-rot-slot, 267, 8346, 414, 1, 0, 9028, 1.00012
opt-rot-slot, 280, 8347, 418, 1, 0, 9046, 1.00012
opt-rot-slot, 273, 8402, 416, 1, 0, 9092, 1.00012
opt-rot-slot, 282, 8406, 418, 1, 0, 9107, 1.00012
opt-rot-slot, 277, 8364, 421, 1, 0, 9063, 1.00012
opt-rot-slot, 271, 8413, 420, 1, 0, 9105, 1.00012
opt-rot-slot, 274, 8387, 415, 1, 0, 9077, 1.00012
opt-rot-slot, 278, 8404, 424, 1, 0, 9107, 1.00012
opt-rot-slot, 276, 8618, 424, 1, 0, 9319, 1.00012
opt-rot-slot, 272, 8407, 416, 1, 0, 9096, 1.00012
opt-rot-slot, 280, 8362, 418, 1, 0, 9061, 1.00012
opt-rot-slot, 269, 8386, 419, 1, 0, 9075, 1.00012
opt-rot-slot, 270, 8382, 415, 1, 0, 9068, 1.00012
opt-rot-slot, 274, 8400, 418, 1, 0, 9093, 1.00012
opt-rot-slot, 269, 8445, 420, 1, 0, 9135, 1.00012
opt-rot-slot, 276, 8408, 414, 1, 0, 9099, 1.00012
opt-rot-slot, 270, 8399, 419, 1, 0, 9089, 1.00012
opt-rot-slot, 270, 8369, 412, 1, 0, 9052, 1.00012
opt-rot-slot, 274, 8338, 412, 1, 0, 9025, 1.00012
opt-rot-slot, 276, 8355, 412, 1, 0, 9044, 1.00012
opt-rot-slot, 273, 8413, 423, 1, 0, 9110, 1.00012
opt-rot-slot, 276, 8394, 418, 1, 0, 9089, 1.00012
opt-rot-slot, 272, 8382, 416, 1, 0, 9071, 1.00012
opt-rot-slot, 280, 8365, 417, 1, 0, 9063, 1.00012
opt-rot-slot, 274, 8375, 415, 1, 0, 9065, 1.00012
opt-rot-slot, 270, 8352, 417, 1, 0, 9040, 1.00012
opt-rot-slot, 273, 8373, 420, 1, 0, 9067, 1.00012
opt-rot-slot, 273, 8371, 414, 1, 0, 9059, 1.00012
opt-rot-slot, 272, 8348, 412, 1, 0, 9033, 1.00012
opt-rot-slot, 296, 8377, 418, 1, 0, 9092, 1.00012
opt-rot-slot, 275, 8367, 414, 1, 0, 9057, 1.00012
opt-rot-slot, 271, 8388, 414, 1, 0, 9074, 1.00012
opt-rot-slot, 271, 8437, 423, 1, 0, 9132, 1.00012
opt-rot-slot, 278, 8419, 422, 1, 0, 9120, 1.00012
opt-rot-slot, 275, 8399, 411, 1, 0, 9086, 1.00012
opt-rot-slot, 274, 8418, 416, 1, 0, 9109, 1.00012
opt-rot-slot, 273, 8401, 418, 1, 0, 9093, 1.00012
opt-rot-slot, 271, 8415, 416, 1, 0, 9103, 1.00012
opt-rot-slot, 274, 8379, 413, 1, 0, 9067, 1.00012
opt-rot-slot, 275, 8431, 422, 1, 0, 9129, 1.00012
opt-rot-slot, 274, 8426, 421, 1, 0, 9122, 1.00012
opt-rot-slot, 269, 8393, 418, 1, 0, 9081, 1.00012
opt-rot-slot, 274, 8377, 415, 1, 0, 9067, 1.00012
opt-rot-slot, 273, 8386, 416, 1, 0, 9076, 1.00012
opt-rot-slot, 273, 8401, 418, 1, 0, 9093, 1.00012
opt-rot-slot, 275, 8427, 422, 1, 0, 9125, 1.00012
opt-rot-slot, 271, 8420, 423, 1, 0, 9115, 1.00012
opt-rot-slot, 274, 8409, 413, 1, 0, 9097, 1.00012
opt-rot-slot, 272, 8413, 423, 1, 0, 9109, 1.00012
opt-rot-slot, 273, 8386, 411, 1, 0, 9071, 1.00012
opt-rot-slot, 273, 8391, 422, 1, 0, 9087, 1.00012
opt-rot-slot, 269, 8393, 421, 1, 0, 9084, 1.00012
opt-rot-slot, 274, 8458, 414, 1, 0, 9147, 1.00012
opt-rot-slot, 267, 8379, 416, 1, 0, 9063, 1.00012
opt-rot-slot, 275, 8415, 414, 1, 0, 9105, 1.00012
opt-rot-slot, 271, 8350, 411, 1, 0, 9033, 1.00012
opt-rot-slot, 272, 8396, 418, 1, 0, 9087, 1.00012
opt-rot-slot, 273, 8411, 417, 1, 0, 9102, 1.00012
opt-rot-slot, 276, 8389, 416, 1, 0, 9082, 1.00012
opt-rot-slot, 274, 8439, 416, 1, 0, 9130, 1.00012
opt-rot-slot, 279, 8390, 415, 1, 0, 9085, 1.00012
opt-rot-slot, 268, 8357, 413, 1, 0, 9039, 1.00012
opt-rot-slot, 275, 8348, 419, 1, 0, 9043, 1.00012
opt-rot-slot, 272, 8354, 416, 1, 0, 9043, 1.00012
opt-rot-slot, 275, 8408, 430, 1, 0, 9114, 1.00012
opt-rot-slot, 276, 8387, 417, 1, 0, 9081, 1.00012
opt-rot-slot, 273, 8445, 423, 1, 0, 9142, 1.00012
opt-rot-slot, 276, 8421, 414, 1, 0, 9112, 1.00012
opt-rot-slot, 274, 8349, 417, 1, 0, 9041, 1.00012
opt-rot-slot, 285, 8358, 413, 1, 0, 9057, 1.00012
opt-rot-slot, 271, 8417, 419, 1, 0, 9108, 1.00012
opt-rot-slot, 274, 8372, 416, 1, 0, 9063, 1.00012
opt-rot-slot, 279, 8338, 416, 1, 0, 9034, 1.00012
opt-rot-slot, 267, 8358, 415, 1, 0, 9041, 1.00012
opt-rot-slot, 271, 8344, 413, 1, 0, 9029, 1.00012
opt-rot-slot, 271, 8367, 419, 1, 0, 9058, 1.00012
opt-rot-slot, 272, 8364, 429, 1, 0, 9066, 1.00012
opt-rot-slot, 280, 8342, 417, 1, 0, 9040, 1.00012
opt-rot-slot, 271, 8333, 410, 1, 0, 9015, 1.00012
opt-rot-slot, 270, 8328, 416, 1, 0, 9015, 1.00012
opt-rot-slot, 274, 8340, 416, 1, 0, 9031, 1.00012
opt-rot-slot, 274, 8380, 417, 1, 0, 9072, 1.00012
opt-rot-slot, 275, 8369, 425, 1, 0, 9070, 1.00012
opt-rot-slot, 271, 8405, 417, 1, 0, 9094, 1.00012
opt-rot-slot, 274, 8431, 415, 1, 0, 9121, 1.00012
opt-rot-slot, 272, 8373, 413, 1, 0, 9059, 1.00012
opt-rot-slot, 273, 8397, 420, 1, 0, 9091, 1.00012
opt-rot-slot, 270, 8369, 417, 1, 0, 9057, 1.00012
opt-rot-slot, 273, 8407, 420, 1, 0, 9101, 1.00012
opt-rot-slot, 271, 8475, 417, 1, 0, 9164, 1.00012
opt-rot-slot, 274, 8439, 416, 1, 0, 9130, 1.00012
opt-rot-slot, 271, 8402, 416, 1, 0, 9090, 1.00012
opt-rot-slot, 274, 8410, 421, 1, 0, 9106, 1.00012
opt-rot-slot, 276, 8460, 420, 1, 0, 9157, 1.00012
opt-rot-slot, 277, 8416, 426, 1, 0, 9120, 1.00012
opt-rot-slot, 278, 8458, 416, 1, 0, 9153, 1.00012
opt-rot-slot, 278, 8395, 418, 1, 0, 9092, 1.00012
opt-rot-slot, 268, 8372, 414, 1, 0, 9055, 1.00012
opt-rot-slot, 270, 8405, 419, 1, 0, 9095, 1.00012
opt-rot-slot, 271, 8444, 418, 1, 0, 9134, 1.00012
opt-rot-slot, 273, 8407, 419, 1, 0, 9100, 1.00012
opt-rot-slot, 272, 8450, 421, 1, 0, 9144, 1.00012
opt-rot-slot, 279, 8417, 417, 1, 0, 9114, 1.00012
opt-rot-slot, 274, 8375, 418, 1, 0, 9068, 1.00012
opt-rot-slot, 269, 8350, 411, 1, 0, 9031, 1.00012
opt-rot-slot, 272, 8374, 419, 1, 0, 9066, 1.00012
opt-rot-slot, 276, 8380, 413, 1, 0, 9070, 1.00012
opt-rot-slot, 280, 8396, 417, 1, 0, 9094, 1.00012
opt-rot-slot, 276, 8373, 415, 1, 0, 9065, 1.00012
opt-rot-slot, 272, 8376, 422, 1, 0, 9071, 1.00012
opt-rot-slot, 269, 8352, 412, 1, 0, 9034, 1.00012
opt-rot-slot, 279, 8338, 420, 1, 0, 9038, 1.00012
opt-rot-slot, 271, 8358, 416, 1, 0, 9046, 1.00012
opt-rot-slot, 270, 8379, 420, 1, 0, 9070, 1.00012
opt-rot-slot, 271, 8441, 420, 1, 0, 9133, 1.00012
opt-rot-slot, 270, 8399, 416, 1, 0, 9086, 1.00012
opt-rot-slot, 272, 8367, 413, 1, 0, 9053, 1.00012
opt-rot-slot, 286, 8347, 409, 1, 0, 9043, 1.00012
opt-rot-slot, 273, 8343, 411, 1, 0, 9028, 1.00012
opt-rot-slot, 270, 8371, 420, 1, 0, 9062, 1.00012
opt-rot-slot, 277, 8349, 421, 1, 0, 9048, 1.00012
opt-rot-slot, 268, 8451, 422, 1, 0, 9142, 1.00012
opt-rot-slot, 274, 8358, 416, 1, 0, 9049, 1.00012
opt-rot-slot, 273, 8340, 416, 1, 0, 9030, 1.00012
opt-rot-slot, 267, 8317, 411, 1, 0, 8996, 1.00012
opt-rot-slot, 273, 8345, 419, 1, 0, 9038, 1.00012
opt-rot-slot, 268, 8385, 419, 1, 0, 9073, 1.00012
opt-rot-slot, 270, 8380, 417, 1, 0, 9068, 1.00012
opt-rot-slot, 269, 8321, 414, 1, 0, 9005, 1.00012
opt-rot-slot, 271, 8361, 415, 1, 0, 9048, 1.00012
opt-rot-slot, 273, 8393, 414, 1, 0, 9081, 1.00012
opt-coef-rot, 126, 14150, 385, 1, 0, 14662, 0.999878
opt-coef-rot, 129, 14161, 383, 1, 0, 14674, 0.999878
opt-coef-rot, 128, 14171, 379, 1, 0, 14679, 0.999878
opt-coef-rot, 132, 14161, 383, 1, 0, 14677, 0.999878
opt-coef-rot, 129, 14097, 377, 1, 0, 14604, 0.999878
opt-coef-rot, 128, 14185, 379, 1, 0, 14693, 0.999878
opt-coef-rot, 127, 14121, 379, 1, 0, 14628, 0.999878
opt-coef-rot, 130, 14151, 380, 1, 0, 14662, 0.999878
opt-coef-rot, 126, 14158, 385, 1, 0, 14670, 0.999878
opt-coef-rot, 125, 14159, 387, 1, 0, 14672, 0.999878
opt-coef-rot, 134, 14135, 380, 1, 0, 14650, 0.999878
opt-coef-rot, 130, 14147, 381, 1, 0, 14659, 0.999878
opt-coef-rot, 130, 14190, 382, 1, 0, 14703, 0.999878
opt-coef-rot, 130, 14185, 380, 1, 0, 14696, 0.999878
opt-coef-rot, 127, 14115, 379, 1, 0, 14622, 0.999878
opt-coef-rot, 127, 14101, 384, 1, 0, 14613, 0.999878
opt-coef-rot, 132, 14122, 384, 1, 0, 14639, 0.999878
opt-coef-rot, 126, 14119, 380, 1, 0, 14626, 0.999878
opt-coef-rot, 128, 14090, 374, 1, 0, 14593, 0.999878
opt-coef-rot, 129, 14130, 384, 1, 0, 14644, 0.999878
opt-coef-rot, 127, 14170, 384, 1, 0, 14682, 0.999878
opt-coef-rot, 131, 14141, 379, 1, 0, 14652, 0.999878
opt-coef-rot, 129, 14094, 377, 1, 0, 14601, 0.999878
opt-coef-rot, 125, 14112, 375, 1, 0, 14613, 0.999878
opt-coef-rot, 130, 14122, 378, 1, 0, 14631, 0.999878
opt-coef-rot, 125, 14125, 377, 1, 0, 14628, 0.999878
opt-coef-rot, 135, 14132, 382, 1, 0, 14650, 0.999878
opt-coef-rot, 132, 14095, 378, 1, 0, 14606, 0.999878
opt-coef-rot, 125, 14140, 380, 1, 0, 14646, 0.999878
opt-coef-rot, 127, 14170, 372, 1, 0, 14670, 0.999878
opt-coef-rot, 128, 14076, 378, 1, 0, 14583, 0.999878
opt-coef-rot, 124, 14092, 380, 1, 0, 14597, 0.999878
opt-coef-rot, 129, 14107, 379, 1, 0, 14616, 0.999878
opt-coef-rot, 126, 14145, 376, 1, 0, 14648, 0.999878
opt-coef-rot, 125, 14107, 379, 1, 0, 14612, 0.999878
opt-coef-rot, 130, 14099, 377, 1, 0, 14607, 0.999878
opt-coef-rot, 135, 14115, 381, 1, 0, 14632, 0.999878
opt-coef-rot, 135, 14125, 380, 1, 0, 14641, 0.999878
opt-coef-rot, 128, 14170, 382, 1, 0, 14681, 0.999878
opt-coef-rot, 127, 14198, 375, 1, 0, 14701, 0.999878
opt-coef-rot, 128, 14257, 385, 1, 0, 14771, 0.999878
opt-coef-rot, 126, 14225, 382, 1, 0, 14734, 0.999878
opt-coef-rot, 130, 14199, 383, 1, 0, 14713, 0.999878
opt-coef-rot, 126, 14183, 379, 1, 0, 14689, 0.999878
opt-coef-rot, 127, 14180, 385, 1, 0, 14693, 0.999878
opt-coef-rot, 133, 14158, 376, 1, 0, 14668, 0.999878
opt-coef-rot, 128, 14135, 380, 1, 0, 14644, 0.999878
opt-coef-rot, 128, 14234, 379, 1, 0, 14742, 0.999878
opt-coef-rot, 126, 14167, 384, 1, 0, 14678, 0.999878
opt-coef-rot, 128, 14131, 381, 1, 0, 14641, 0.999878
opt-coef-rot, 126, 14196, 382, 1, 0, 14705, 0.999878
opt-coef-rot, 126, 14242, 381, 1, 0, 14750, 0.999878
opt-coef-rot, 126, 14243, 378, 1, 0, 14748, 0.999878
opt-coef-rot, 129, 14237, 381, 1, 0, 14748, 0.999878
opt-coef-rot, 130, 14154, 380, 1, 0, 14665, 0.999878
opt-coef-rot, 127, 14171, 385, 1, 0, 14684, 0.999878
opt-coef-rot, 130, 14238, 385, 1, 0, 14754, 0.999878
opt-coef-rot, 130, 14217, 382, 1, 0, 14730, 0.999878
opt-coef-rot, 125, 14122, 376, 1, 0, 14624, 0.999878
opt-coef-rot, 127, 14229, 382, 1, 0, 14739, 0.999878
opt-coef-rot, 126, 14242, 383, 1, 0, 14752, 0.999878
opt-coef-rot, 132, 14173, 378, 1, 0, 14684, 0.999878
opt-coef-rot, 126, 14119, 377, 1, 0, 14623, 0.999878
opt-coef-rot, 132, 14135, 381, 1, 0, 14649, 0.999878
opt-coef-rot, 129, 14150, 378, 1, 0, 14658, 0.999878
opt-coef-rot, 128, 14108, 377, 1, 0, 14614, 0.999878
opt-coef-rot, 131, 14150, 377, 1, 0, 14659, 0.999878
opt-coef-rot, 125, 14119, 377, 1, 0, 14622, 0.999878
opt-coef-rot, 129, 14165, 379, 1, 0, 14674, 0.999878
opt-coef-rot, 132, 14112, 375, 1, 0, 14620, 0.999878
opt-coef-rot, 137, 14117, 386, 1, 0, 14641, 0.999878
opt-coef-rot, 126, 14122, 374, 1, 0, 14623, 0.999878
opt-coef-rot, 128, 14185, 381, 1, 0, 14695, 0.999878
opt-coef-rot, 127, 14226, 380, 1, 0, 14734, 0.999878
opt-coef-rot, 125, 14114, 380, 1, 0, 14620, 0.999878
opt-coef-rot, 129, 14177, 381, 1, 0, 14688, 0.999878
opt-coef-rot, 132, 14115, 379, 1, 0, 14627, 0.999878
opt-coef-rot, 128, 14164, 378, 1, 0, 14671, 0.999878
opt-coef-rot, 126, 14100, 383, 1, 0, 14610, 0.999878
opt-coef-rot, 136, 14093, 380, 1, 0, 14610, 0.999878
opt-coef-rot, 132, 14130, 387, 1, 0, 14650, 0.999878
opt-coef-rot, 125, 14167, 381, 1, 0, 14674, 0.999878
opt-coef-rot, 129, 14160, 383, 1, 0, 14673, 0.999878
opt-coef-rot, 125, 14131, 388, 1, 0, 14645, 0.999878
opt-coef-rot, 126, 14124, 379, 1, 0, 14630, 0.999878
opt-coef-rot, 129, 14115, 379, 1, 0, 14624, 0.999878
opt-coef-rot, 132, 14136, 379, 1, 0, 14648, 0.999878
opt-coef-rot, 128, 14143, 384, 1, 0, 14656, 0.999878
opt-coef-rot, 127, 14240, 383, 1, 0, 14751, 0.999878
opt-coef-rot, 133, 14074, 377, 1, 0, 14585, 0.999878
opt-coef-rot, 125, 14090, 380, 1, 0, 14596, 0.999878
opt-coef-rot, 136, 14131, 377, 1, 0, 14645, 0.999878
opt-coef-rot, 128, 14155, 377, 1, 0, 14661, 0.999878
opt-coef-rot, 130, 14123, 379, 1, 0, 14633, 0.999878
opt-coef-rot, 132, 14118, 380, 1, 0, 14631, 0.999878
opt-coef-rot, 129, 14139, 380, 1, 0, 14649, 0.999878
opt-coef-rot, 125, 14092, 380, 1, 0, 14598, 0.999878
opt-coef-rot, 131, 14114, 377, 1, 0, 14623, 0.999878
opt-coef-rot, 129, 14169, 382, 1, 0, 14681, 0.999878
opt-coef-rot, 128, 14182, 382, 1, 0, 14693, 0.999878
opt-coef-rot, 129, 14218, 380, 1, 0, 14728, 0.999878
opt-coef-rot, 126, 14235, 381, 1, 0, 14743, 0.999878
opt-coef-rot, 126, 14163, 377, 1, 0, 14667, 0.999878
opt-coef-rot, 128, 14119, 380, 1, 0, 14628, 0.999878
opt-coef-rot, 131, 14170, 383, 1, 0, 14685, 0.999878
opt-coef-rot, 133, 14157, 379, 1, 0, 14670, 0.999878
opt-coef-rot, 126, 14148, 382, 1, 0, 14657, 0.999878
opt-coef-rot, 133, 14173, 394, 1, 0, 14701, 0.999878
opt-coef-rot, 125, 14147, 379, 1, 0, 14652, 0.999878
opt-coef-rot, 134, 14144, 375, 1, 0, 14654, 0.999878
opt-coef-rot, 129, 14136, 380, 1, 0, 14646, 0.999878
opt-coef-rot, 127, 14120, 383, 1, 0, 14631, 0.999878
opt-coef-rot, 130, 14181, 383, 1, 0, 14695, 0.999878
opt-coef-rot, 137, 14196, 382, 1, 0, 14716, 0.999878
opt-coef-rot, 131, 14210, 382, 1, 0, 14724, 0.999878
opt-coef-rot, 135, 14199, 381, 1, 0, 14716, 0.999878
opt-coef-rot, 132, 14128, 375, 1, 0, 14636, 0.999878
opt-coef-rot, 130, 14222, 382, 1, 0, 14735, 0.999878
opt-coef-rot, 135, 14221, 381, 1, 0, 14738, 0.999878
opt-coef-rot, 129, 14201, 383, 1, 0, 14714, 0.999878
opt-coef-rot, 128, 14126, 380, 1, 0, 14635, 0.999878
opt-coef-rot, 126, 14111, 379, 1, 0, 14617, 0.999878
opt-coef-rot, 133, 14242, 383, 1, 0, 14759, 0.999878
opt-coef-rot, 129, 14213, 385, 1, 0, 14728, 0.999878
opt-coef-rot, 127, 14365, 376, 1, 0, 14869, 0.999878
opt-coef-rot, 126, 14155, 383, 1, 0, 14665, 0.999878
opt-coef-rot, 138, 14170, 377, 1, 0, 14686, 0.999878
opt-coef-rot, 135, 14186, 381, 1, 0, 14703, 0.999878
opt-coef-rot, 126, 14122, 380, 1, 0, 14629, 0.999878
opt-coef-rot, 133, 14068, 377, 1, 0, 14579, 0.999878
opt-coef-rot, 126, 14086, 378, 1, 0, 14591, 0.999878
opt-coef-rot, 126, 14133, 379, 1, 0, 14639, 0.999878
opt-coef-rot, 125, 14116, 373, 1, 0, 14615, 0.999878
opt-coef-rot, 127, 14090, 386, 1, 0, 14604, 0.999878
opt-coef-rot, 127, 14119, 380, 1, 0, 14627, 0.999878
opt-coef-rot, 127, 14111, 381, 1, 0, 14620, 0.999878
opt-coef-rot, 128, 14105, 378, 1, 0, 14612, 0.999878
opt-coef-rot, 132, 14083, 375, 1, 0, 14591, 0.999878
opt-coef-rot, 131, 14131, 382, 1, 0, 14645, 0.999878
opt-coef-rot, 127, 14134, 376, 1, 0, 14638, 0.999878
opt-coef-rot, 131, 14054, 376, 1, 0, 14562, 0.999878
opt-coef-rot, 129, 14159, 381, 1, 0, 14670, 0.999878
opt-coef-rot, 125, 14167, 383, 1, 0, 14676, 0.999878
opt-coef-rot, 125, 14120, 386, 1, 0, 14632, 0.999878
opt-coef-rot, 128, 14126, 382, 1, 0, 14637, 0.999878
opt-coef-rot, 129, 14080, 381, 1, 0, 14591, 0.999878
opt-coef-rot, 129, 14188, 385, 1, 0, 14703, 0.999878
opt-coef-rot, 132, 14228, 380, 1, 0, 14741, 0.999878
opt-coef-rot, 128, 14163, 382, 1, 0, 14674, 0.999878
opt-coef-rot, 127, 14146, 385, 1, 0, 14659, 0.999878
opt-coef-rot, 129, 14182, 381, 1, 0, 14693, 0.999878
opt-coef-rot, 128, 14185, 383, 1, 0, 14697, 0.999878
opt-coef-rot, 130, 14136, 379, 1, 0, 14646, 0.999878
opt-coef-rot, 126, 14135, 379, 1, 0, 14641, 0.999878
opt-coef-rot, 126, 14199, 386, 1, 0, 14712, 0.999878
opt-coef-rot, 128, 14119, 375, 1, 0, 14623, 0.999878
opt-coef-rot, 126, 14164, 382, 1, 0, 14673, 0.999878
opt-coef-rot, 126, 14152, 383, 1, 0, 14662, 0.999878
opt-coef-rot, 126, 14172, 380, 1, 0, 14679, 0.999878
opt-coef-rot, 128, 14168, 378, 1, 0, 14675, 0.999878
opt-coef-rot, 139, 14224, 386, 1, 0, 14750, 0.999878
opt-coef-rot, 130, 14157, 379, 1, 0, 14667, 0.999878
opt-coef-rot, 127, 14233, 380, 1, 0, 14741, 0.999878
opt-coef-rot, 128, 14182, 376, 1, 0, 14687, 0.999878
opt-coef-rot, 126, 14114, 379, 1, 0, 14620, 0.999878
opt-coef-rot, 126, 14123, 379, 1, 0, 14629, 0.999878
opt-coef-rot, 130, 14157, 382, 1, 0, 14670, 0.999878
opt-coef-rot, 125, 14160, 377, 1, 0, 14663, 0.999878
opt-coef-rot, 128, 14094, 375, 1, 0, 14598, 0.999878
opt-coef-rot, 127, 14160, 390, 1, 0, 14678, 0.999878
opt-coef-rot, 127, 14157, 384, 1, 0, 14669, 0.999878
opt-coef-rot, 136, 14176, 375, 1, 0, 14688, 0.999878
opt-coef-rot, 126, 14122, 377, 1, 0, 14626, 0.999878
opt-coef-rot, 129, 14099, 379, 1, 0, 14608, 0.999878
opt-coef-rot, 126, 14169, 394, 1, 0, 14690, 0.999878
opt-coef-rot, 126, 14126, 379, 1, 0, 14632, 0.999878
opt-coef-rot, 128, 14107, 378, 1, 0, 14614, 0.999878
opt-coef-rot, 128, 14095, 376, 1, 0, 14600, 0.999878
opt-coef-rot, 130, 14120, 378, 1, 0, 14629, 0.999878
opt-coef-rot, 128, 14077, 377, 1, 0, 14583, 0.999878
opt-coef-rot, 127, 14110, 376, 1, 0, 14614, 0.999878
opt-coef-rot, 126, 14080, 379, 1, 0, 14586, 0.999878
opt-coef-rot, 126, 14083, 380, 1, 0, 14590, 0.999878
opt-coef-rot, 130, 14128, 384, 1, 0, 14643, 0.999878
opt-coef-rot, 128, 14065, 380, 1, 0, 14574, 0.999878
opt-coef-rot, 127, 14088, 384, 1, 0, 14600, 0.999878
opt-coef-rot, 132, 14120, 380, 1, 0, 14633, 0.999878
opt-coef-rot, 126, 14097, 376, 1, 0, 14600, 0.999878
opt-coef-rot, 132, 14096, 376, 1, 0, 14605, 0.999878
opt-coef-rot, 128, 14045, 375, 1, 0, 14549, 0.999878
opt-coef-rot, 129, 14128, 382, 1, 0, 14640, 0.999878
opt-coef-rot, 127, 14101, 382, 1, 0, 14611, 0.999878
opt-coef-rot, 131, 14076, 378, 1, 0, 14586, 0.999878
opt-coef-rot, 131, 14119, 380, 1, 0, 14631, 0.999878
opt-coef-rot, 126, 14120, 377, 1, 0, 14624, 0.999878
opt-coef-rot, 125, 14104, 377, 1, 0, 14607, 0.999878
opt-coef-rot, 128, 14110, 380, 1, 0, 14619, 0.999878
opt-coef-rot, 127, 14112, 380, 1, 0, 14620, 0.999878
opt-coef-rot, 125, 14121, 381, 1, 0, 14628, 0.999878
opt-coef-rot, 140, 14099, 387, 1, 0, 14627, 0.999878
opt-coef-rot, 128, 14078, 376, 1, 0, 14583, 0.999878
opt-coef-rot, 127, 14115, 380, 1, 0, 14623, 0.999878
opt-coef-rot, 130, 14143, 378, 1, 0, 14652, 0.999878
opt-coef-rot, 128, 14128, 375, 1, 0, 14632, 0.999878
opt-coef-rot, 125, 14113, 378, 1, 0, 14617, 0.999878
opt-coef-rot, 126, 14055, 378, 1, 0, 14560, 0.999878
opt-coef-rot, 127, 14120, 377, 1, 0, 14625, 0.999878
opt-coef-rot, 127, 14115, 385, 1, 0, 14628, 0.999878
opt-coef-rot, 127, 14054, 381, 1, 0, 14563, 0.999878
opt-coef-rot, 127, 14130, 383, 1, 0, 14641, 0.999878
opt-coef-rot, 127, 14199, 382, 1, 0, 14709, 0.999878
opt-coef-rot, 125, 14140, 376, 1, 0, 14642, 0.999878
opt-coef-rot, 127, 14212, 381, 1, 0, 14721, 0.999878
opt-coef-rot, 133, 14154, 382, 1, 0, 14670, 0.999878
opt-coef-rot, 126, 14203, 383, 1, 0, 14713, 0.999878
opt-coef-rot, 128, 14124, 377, 1, 0, 14630, 0.999878
opt-coef-rot, 131, 14138, 380, 1, 0, 14650, 0.999878
opt-coef-rot, 128, 14121, 379, 1, 0, 14629, 0.999878
opt-coef-rot, 126, 14206, 381, 1, 0, 14714, 0.999878
opt-coef-rot, 127, 14223, 379, 1, 0, 14730, 0.999878
opt-coef-rot, 133, 14119, 377, 1, 0, 14630, 0.999878
opt-coef-rot, 132, 14098, 379, 1, 0, 14610, 0.999878
opt-coef-rot, 129, 14156, 383, 1, 0, 14669, 0.999878
opt-coef-rot, 126, 14099, 379, 1, 0, 14605, 0.999878
opt-coef-rot, 129, 14115, 384, 1, 0, 14629, 0.999878
opt-coef-rot, 127, 14120, 385, 1, 0, 14633, 0.999878
opt-coef-rot, 130, 14110, 374, 1, 0, 14615, 0.999878
opt-coef-rot, 125, 14143, 378, 1, 0, 14647, 0.999878
opt-coef-rot, 127, 14088, 378, 1, 0, 14594, 0.999878
opt-coef-rot, 127, 14100, 381, 1, 0, 14609, 0.999878
opt-coef-rot, 130, 14142, 381, 1, 0, 14654, 0.999878
opt-coef-rot, 128, 14072, 377, 1, 0, 14578, 0.999878
opt-coef-rot, 125, 14095, 383, 1, 0, 14604, 0.999878
opt-coef-rot, 129, 14115, 379, 1, 0, 14624, 0.999878
opt-coef-rot, 137, 14146, 384, 1, 0, 14668, 0.999878
opt-coef-rot, 127, 14116, 380, 1, 0, 14624, 0.999878
opt-coef-rot, 128, 14153, 382, 1, 0, 14664, 0.999878
opt-coef-rot, 126, 14129, 380, 1, 0, 14636, 0.999878
opt-coef-rot, 125, 14127, 379, 1, 0, 14632, 0.999878
opt-coef-rot, 128, 14110, 382, 1, 0, 14621, 0.999878
opt-coef-rot, 126, 14081, 382, 1, 0, 14590, 0.999878
opt-coef-rot, 127, 14109, 381, 1, 0, 14618, 0.999878
opt-coef-rot, 125, 14091, 379, 1, 0, 14596, 0.999878
opt-coef-rot, 127, 14116, 377, 1, 0, 14621, 0.999878
opt-coef-rot, 126, 14106, 377, 1, 0, 14610, 0.999878
opt-coef-rot, 128, 14159, 381, 1, 0, 14669, 0.999878
opt-coef-rot, 125, 14139, 377, 1, 0, 14642, 0.999878
opt-coef-rot, 139, 14127, 380, 1, 0, 14647, 0.999878
opt-coef-rot, 128, 14120, 379, 1, 0, 14628, 0.999878
opt-coef-rot, 129, 14127, 379, 1, 0, 14636, 0.999878
pre-proc-coef, 409, 14216, 369, 1, 0, 14995, 0
pre-proc-coef, 408, 14201, 373, 1, 0, 14983, 0
pre-proc-coef, 405, 14188, 370, 1, 0, 14964, 0
pre-proc-coef, 407, 14236, 370, 1, 0, 15014, 0
pre-proc-coef, 407, 14187, 369, 1, 0, 14964, 0
pre-proc-coef, 408, 14170, 370, 1, 0, 14949, 0
pre-proc-coef, 408, 14173, 368, 1, 0, 14950, 0
pre-proc-coef, 407, 14210, 370, 1, 0, 14988, 0
pre-proc-coef, 408, 14235, 372, 1, 0, 15016, 0
pre-proc-coef, 404, 14189, 370, 1, 0, 14964, 0
pre-proc-coef, 420, 14239, 369, 1, 0, 15029, 0
pre-proc-coef, 406, 14204, 371, 1, 0, 14982, 0
pre-proc-coef, 406, 14155, 368, 1, 0, 14930, 0
pre-proc-coef, 404, 14201, 370, 1, 0, 14976, 0
pre-proc-coef, 409, 14203, 372, 1, 0, 14985, 0
pre-proc-coef, 409, 14272, 371, 1, 0, 15053, 0
pre-proc-coef, 409, 14208, 372, 1, 0, 14990, 0
pre-proc-coef, 412, 14221, 368, 1, 0, 15002, 0
pre-proc-coef, 412, 14204, 372, 1, 0, 14989, 0
pre-proc-coef, 412, 14216, 370, 1, 0, 14999, 0
pre-proc-coef, 405, 14162, 370, 1, 0, 14938, 0
pre-proc-coef, 406, 14201, 375, 1, 0, 14983, 0
pre-proc-coef, 406, 14256, 375, 1, 0, 15038, 0
pre-proc-coef, 407, 14253, 372, 1, 0, 15033, 0
pre-proc-coef, 405, 14230, 366, 1, 0, 15002, 0
pre-proc-coef, 407, 14230, 370, 1, 0, 15008, 0
pre-proc-coef, 407, 14271, 373, 1, 0, 15052, 0
pre-proc-coef, 408, 14320, 376, 1, 0, 15105, 0
pre-proc-coef, 406, 14326, 377, 1, 0, 15110, 0
pre-proc-coef, 410, 14308, 369, 1, 0, 15088, 0
pre-proc-coef, 407, 14271, 373, 1, 0, 15052, 0
pre-proc-coef, 412, 14268, 370, 1, 0, 15051, 0
pre-proc-coef, 409, 14261, 370, 1, 0, 15041, 0
pre-proc-coef, 409, 14189, 375, 1, 0, 14974, 0
pre-proc-coef, 408, 14241, 371, 1, 0, 15021, 0
pre-proc-coef, 410, 14262, 370, 1, 0, 15043, 0
pre-proc-coef, 407, 14243, 381, 1, 0, 15032, 0
pre-proc-coef, 408, 14279, 370, 1, 0, 15058, 0
pre-proc-coef, 409, 14293, 373, 1, 0, 15076, 0
pre-proc-coef, 408, 14230, 372, 1, 0, 15011, 0
pre-proc-coef, 406, 14171, 373, 1, 0, 14951, 0
pre-proc-coef, 409, 14182, 369, 1, 0, 14961, 0
pre-proc-coef, 405, 14223, 371, 1, 0, 15000, 0
pre-proc-coef, 408, 14212, 371, 1, 0, 14992, 0
pre-proc-coef, 410, 14192, 373, 1, 0, 14976, 0
pre-proc-coef, 412, 14205, 375, 1, 0, 14993, 0
pre-proc-coef, 410, 14278, 372, 1, 0, 15061, 0
pre-proc-coef, 405, 14221, 368, 1, 0, 14995, 0
pre-proc-coef, 410, 14295, 371, 1, 0, 15077, 0
pre-proc-coef, 408, 14334, 373, 1, 0, 15116, 0
pre-proc-coef, 409, 14294, 371, 1, 0, 15075, 0
pre-proc-coef, 411, 14267, 373, 1, 0, 15052, 0
pre-proc-coef, 409, 14258, 371, 1, 0, 15039, 0
pre-proc-coef, 419, 14215, 376, 1, 0, 15011, 0
pre-proc-coef, 406, 14217, 370, 1, 0, 14994, 0
pre-proc-coef, 409, 14250, 369, 1, 0, 15029, 0
pre-proc-coef, 405, 14215, 367, 1, 0, 14988, 0
pre-proc-coef, 407, 14453, 373, 1, 0, 15234, 0
pre-proc-coef, 408, 14223, 367, 1, 0, 14999, 0
pre-proc-coef, 407, 14191, 373, 1, 0, 14972, 0
pre-proc-coef, 406, 14173, 380, 1, 0, 14960, 0
pre-proc-coef, 411, 14241, 371, 1, 0, 15024, 0
pre-proc-coef, 404, 14232, 370, 1, 0, 15007, 0
pre-proc-coef, 405, 14150, 370, 1, 0, 14926, 0
pre-proc-coef, 409, 14213, 371, 1, 0, 14994, 0
pre-proc-coef, 406, 14187, 371, 1, 0, 14965, 0
pre-proc-coef, 408, 14189, 369, 1, 0, 14967, 0
pre-proc-coef, 407, 14162, 367, 1, 0, 14937, 0
pre-proc-coef, 406, 14159, 373, 1, 0, 14939, 0
pre-proc-coef, 408, 14223, 372, 1, 0, 15004, 0
pre-proc-coef, 415, 14215, 370, 1, 0, 15001, 0
pre-proc-coef, 405, 14137, 369, 1, 0, 14912, 0
pre-proc-coef, 406, 14173, 373, 1, 0, 14953, 0
pre-proc-coef, 407, 14232, 366, 1, 0, 15006, 0
pre-proc-coef, 407, 14192, 369, 1, 0, 14969, 0
pre-proc-coef, 409, 14191, 369, 1, 0, 14970, 0
pre-proc-coef, 405, 14169, 370, 1, 0, 14945, 0
pre-proc-coef, 411, 14192, 367, 1, 0, 14971, 0
pre-proc-coef, 404, 14183, 370, 1, 0, 14958, 0
pre-proc-coef, 409, 14161, 365, 1, 0, 14936, 0
pre-proc-coef, 413, 14213, 370, 1, 0, 14997, 0
pre-proc-coef, 411, 14178, 370, 1, 0, 14960, 0
pre-proc-coef, 408, 14167, 372, 1, 0, 14948, 0
pre-proc-coef, 410, 14179, 368, 1, 0, 14958, 0
pre-proc-coef, 406, 14261, 371, 1, 0, 15039, 0
pre-proc-coef, 407, 14172, 368, 1, 0, 14948, 0
pre-proc-coef, 406, 14165, 366, 1, 0, 14938, 0
pre-proc-coef, 408, 14143, 371, 1, 0, 14923, 0
pre-proc-coef, 407, 14212, 372, 1, 0, 14992, 0
pre-proc-coef, 406, 14178, 369, 1, 0, 14954, 0
pre-proc-coef, 410, 14158, 365, 1, 0, 14934, 0
pre-proc-coef, 405, 14168, 369, 1, 0, 14943, 0
pre-proc-coef, 409, 14215, 371, 1, 0, 14996, 0
pre-proc-coef, 417, 14156, 375, 1, 0, 14949, 0
pre-proc-coef, 409, 14225, 369, 1, 0, 15004, 0
pre-proc-coef, 404, 14180, 372, 1, 0, 14957, 0
pre-proc-coef, 407, 14238, 370, 1, 0, 15016, 0
pre-proc-coef, 409, 14201, 370, 1, 0, 14981, 0
pre-proc-coef, 413, 14164, 368, 1, 0, 14946, 0
pre-proc-coef, 409, 14166, 369, 1, 0, 14945, 0
pre-proc-coef, 412, 14259, 375, 1, 0, 15047, 0
pre-proc-coef, 409, 14156, 369, 1, 0, 14935, 0
pre-proc-coef, 406, 14154, 369, 1, 0, 14930, 0
pre-proc-coef, 409, 14172, 370, 1, 0, 14952, 0
pre-proc-coef, 408, 14217, 371, 1, 0, 14997, 0
pre-proc-coef, 406, 14171, 373, 1, 0, 14951, 0
pre-proc-coef, 416, 14174, 369, 1, 0, 14960, 0
pre-proc-coef, 410, 14242, 375, 1, 0, 15028, 0
pre-proc-coef, 408, 14296, 370, 1, 0, 15075, 0
pre-proc-coef, 416, 14212, 369, 1, 0, 14998, 0
pre-proc-coef, 406, 14216, 370, 1, 0, 14993, 0
pre-proc-coef, 409, 14210, 372, 1, 0, 14992, 0
pre-proc-coef, 408, 14191, 371, 1, 0, 14971, 0
pre-proc-coef, 408, 14271, 367, 1, 0, 15047, 0
pre-proc-coef, 409, 14252, 370, 1, 0, 15032, 0
pre-proc-coef, 409, 14274, 372, 1, 0, 15056, 0
pre-proc-coef, 410, 14241, 365, 1, 0, 15017, 0
pre-proc-coef, 407, 14195, 370, 1, 0, 14973, 0
pre-proc-coef, 409, 14178, 370, 1, 0, 14958, 0
pre-proc-coef, 404, 14209, 370, 1, 0, 14984, 0
pre-proc-coef, 411, 14197, 369, 1, 0, 14978, 0
pre-proc-coef, 406, 14156, 372, 1, 0, 14935, 0
pre-proc-coef, 409, 14177, 374, 1, 0, 14961, 0
pre-proc-coef, 409, 14194, 372, 1, 0, 14976, 0
pre-proc-coef, 415, 14162, 371, 1, 0, 14949, 0
pre-proc-coef, 405, 14162, 370, 1, 0, 14938, 0
pre-proc-coef, 407, 14265, 373, 1, 0, 15046, 0
pre-proc-coef, 405, 14204, 370, 1, 0, 14980, 0
pre-proc-coef, 410, 14240, 372, 1, 0, 15023, 0
pre-proc-coef, 406, 14173, 367, 1, 0, 14947, 0
pre-proc-coef, 408, 14181, 372, 1, 0, 14962, 0
pre-proc-coef, 408, 14267, 370, 1, 0, 15046, 0
pre-proc-coef, 403, 14221, 371, 1, 0, 14996, 0
pre-proc-coef, 405, 14251, 372, 1, 0, 15029, 0
pre-proc-coef, 407, 14263, 372, 1, 0, 15043, 0
pre-proc-coef, 409, 14222, 370, 1, 0, 15002, 0
pre-proc-coef, 406, 14226, 373, 1, 0, 15006, 0
pre-proc-coef, 407, 14171, 370, 1, 0, 14949, 0
pre-proc-coef, 409, 14288, 373, 1, 0, 15071, 0
pre-proc-coef, 409, 14205, 369, 1, 0, 14984, 0
pre-proc-coef, 415, 14215, 366, 1, 0, 14997, 0
pre-proc-coef, 405, 14214, 372, 1, 0, 14992, 0
pre-proc-coef, 411, 14228, 371, 1, 0, 15011, 0
pre-proc-coef, 410, 14239, 368, 1, 0, 15018, 0
pre-proc-coef, 408, 14263, 374, 1, 0, 15046, 0
pre-proc-coef, 412, 14242, 375, 1, 0, 15030, 0
pre-proc-coef, 407, 14292, 369, 1, 0, 15069, 0
pre-proc-coef, 414, 14271, 375, 1, 0, 15061, 0
pre-proc-coef, 410, 14353, 375, 1, 0, 15139, 0
pre-proc-coef, 407, 14253, 375, 1, 0, 15036, 0
pre-proc-coef, 410, 14269, 372, 1, 0, 15052, 0
pre-proc-coef, 413, 14308, 372, 1, 0, 15094, 0
pre-proc-coef, 407, 14277, 377, 1, 0, 15062, 0
pre-proc-coef, 415, 14387, 377, 1, 0, 15180, 0
pre-proc-coef, 412, 14416, 375, 1, 0, 15204, 0
pre-proc-coef, 410, 14299, 373, 1, 0, 15083, 0
pre-proc-coef, 408, 14306, 368, 1, 0, 15083, 0
pre-proc-coef, 411, 14384, 374, 1, 0, 15170, 0
pre-proc-coef, 416, 14377, 372, 1, 0, 15166, 0
pre-proc-coef, 409, 14277, 374, 1, 0, 15061, 0
pre-proc-coef, 410, 14353, 377, 1, 0, 15141, 0
pre-proc-coef, 409, 14334, 386, 1, 0, 15130, 0
pre-proc-coef, 412, 14305, 372, 1, 0, 15090, 0
pre-proc-coef, 406, 14313, 374, 1, 0, 15094, 0
pre-proc-coef, 408, 14227, 372, 1, 0, 15008, 0
pre-proc-coef, 419, 14320, 374, 1, 0, 15114, 0
pre-proc-coef, 409, 14269, 369, 1, 0, 15048, 0
pre-proc-coef, 410, 14209, 370, 1, 0, 14990, 0
pre-proc-coef, 410, 14140, 373, 1, 0, 14924, 0
pre-proc-coef, 408, 14229, 373, 1, 0, 15011, 0
pre-proc-coef, 408, 14249, 372, 1, 0, 15030, 0
pre-proc-coef, 413, 14179, 373, 1, 0, 14966, 0
pre-proc-coef, 410, 14214, 374, 1, 0, 14999, 0
pre-proc-coef, 403, 14243, 368, 1, 0, 15015, 0
pre-proc-coef, 410, 14187, 367, 1, 0, 14965, 0
pre-proc-coef, 405, 14218, 373, 1, 0, 14997, 0
pre-proc-coef, 411, 14226, 375, 1, 0, 15013, 0
pre-proc-coef, 414, 14287, 368, 1, 0, 15070, 0
pre-proc-coef, 408, 14290, 369, 1, 0, 15068, 0
pre-proc-coef, 410, 14283, 371, 1, 0, 15065, 0
pre-proc-coef, 406, 14213, 370, 1, 0, 14990, 0
pre-proc-coef, 408, 14223, 372, 1, 0, 15004, 0
pre-proc-coef, 414, 14212, 370, 1, 0, 14997, 0
pre-proc-coef, 408, 14303, 373, 1, 0, 15085, 0
pre-proc-coef, 408, 14275, 377, 1, 0, 15061, 0
pre-proc-coef, 410, 14245, 370, 1, 0, 15026, 0
pre-proc-coef, 407, 14222, 368, 1, 0, 14998, 0
pre-proc-coef, 406, 14232, 371, 1, 0, 15010, 0
pre-proc-coef, 404, 14317, 373, 1, 0, 15095, 0
pre-proc-coef, 411, 14347, 371, 1, 0, 15130, 0
pre-proc-coef, 406, 14265, 368, 1, 0, 15040, 0
pre-proc-coef, 410, 14261, 374, 1, 0, 15046, 0
pre-proc-coef, 412, 14300, 371, 1, 0, 15084, 0
pre-proc-coef, 412, 14229, 366, 1, 0, 15008, 0
pre-proc-coef, 405, 14273, 370, 1, 0, 15049, 0
pre-proc-coef, 409, 14226, 369, 1, 0, 15005, 0
pre-proc-coef, 405, 14221, 370, 1, 0, 14997, 0
pre-proc-coef, 412, 14199, 368, 1, 0, 14980, 0
pre-proc-coef, 406, 14212, 379, 1, 0, 14998, 0
pre-proc-coef, 408, 14311, 375, 1, 0, 15095, 0
pre-proc-coef, 411, 14264, 370, 1, 0, 15046, 0
pre-proc-coef, 411, 14197, 370, 1, 0, 14979, 0
pre-proc-coef, 408, 14216, 371, 1, 0, 14996, 0
pre-proc-coef, 403, 14194, 372, 1, 0, 14970, 0
pre-proc-coef, 407, 14253, 371, 1, 0, 15032, 0
pre-proc-coef, 410, 14256, 373, 1, 0, 15040, 0
pre-proc-coef, 409, 14257, 367, 1, 0, 15034, 0
pre-proc-coef, 405, 14235, 372, 1, 0, 15013, 0
pre-proc-coef, 414, 14222, 370, 1, 0, 15007, 0
pre-proc-coef, 403, 14218, 370, 1, 0, 14992, 0
pre-proc-coef, 408, 14296, 375, 1, 0, 15080, 0
pre-proc-coef, 416, 14248, 367, 1, 0, 15032, 0
pre-proc-coef, 413, 14277, 369, 1, 0, 15060, 0
pre-proc-coef, 408, 14217, 373, 1, 0, 14999, 0
pre-proc-coef, 410, 14251, 372, 1, 0, 15034, 0
pre-proc-coef, 413, 14273, 370, 1, 0, 15057, 0
pre-proc-coef, 408, 14218, 369, 1, 0, 14996, 0
pre-proc-coef, 409, 14203, 370, 1, 0, 14983, 0
pre-proc-coef, 407, 14192, 373, 1, 0, 14973, 0
pre-proc-coef, 415, 14197, 370, 1, 0, 14983, 0
pre-proc-coef, 414, 14251, 374, 1, 0, 15040, 0
pre-proc-coef, 410, 14183, 370, 1, 0, 14964, 0
pre-proc-coef, 407, 14191, 370, 1, 0, 14969, 0
pre-proc-coef, 412, 14242, 373, 1, 0, 15028, 0
pre-proc-coef, 405, 14234, 375, 1, 0, 15015, 0
pre-proc-coef, 409, 14164, 370, 1, 0, 14944, 0
pre-proc-coef, 413, 14249, 370, 1, 0, 15033, 0
pre-proc-coef, 412, 14248, 379, 1, 0, 15040, 0
pre-proc-coef, 407, 14180, 369, 1, 0, 14957, 0
pre-proc-coef, 408, 14209, 371, 1, 0, 14989, 0
pre-proc-coef, 407, 14209, 372, 1, 0, 14989, 0
pre-proc-coef, 409, 14180, 369, 1, 0, 14959, 0
pre-proc-coef, 406, 14170, 368, 1, 0, 14945, 0
pre-proc-coef, 406, 14150, 368, 1, 0, 14925, 0
pre-proc-coef, 408, 14183, 372, 1, 0, 14964, 0
pre-proc-coef, 409, 14278, 370, 1, 0, 15058, 0
pre-proc-coef, 408, 14231, 371, 1, 0, 15011, 0
pre-proc-coef, 405, 14167, 370, 1, 0, 14943, 0
pre-proc-coef, 409, 14285, 374, 1, 0, 15069, 0
pre-proc-coef, 407, 14247, 373, 1, 0, 15028, 0
pre-proc-coef, 406, 14194, 369, 1, 0, 14970, 0
pre-proc-coef, 403, 14192, 368, 1, 0, 14964, 0
pre-proc-coef, 408, 14204, 371, 1, 0, 14984, 0
pre-proc-coef, 411, 14257, 372, 1, 0, 15041, 0
pre-proc-coef, 406, 14186, 370, 1, 0, 14963, 0
pre-proc-coef, 408, 14211, 372, 1, 0, 14992, 0
pre-proc-coef, 407, 14247, 369, 1, 0, 15024, 0
pre-proc-coef, 409, 14257, 368, 1, 0, 15035, 0
pre-proc-coef, 403, 14137, 368, 1, 0, 14909, 0
pre-proc-coef, 408, 14158, 375, 1, 0, 14942, 0
pre-proc-coef, 58, 14158, 377, 1, 0, 14594, 1.00012
pre-proc-coef, 60, 14153, 372, 1, 0, 14586, 1.00012
pre-proc-coef, 59, 14190, 372, 1, 0, 14622, 1.00012
pre-proc-coef, 60, 14078, 374, 1, 0, 14513, 1.00012
pre-proc-coef, 57, 14121, 370, 1, 0, 14549, 1.00012
pre-proc-coef, 59, 14133, 370, 1, 0, 14563, 1.00012
pre-proc-coef, 61, 14104, 367, 1, 0, 14533, 1.00012
pre-proc-coef, 59, 14111, 369, 1, 0, 14540, 1.00012
pre-proc-coef, 56, 14118, 368, 1, 0, 14543, 1.00012
pre-proc-coef, 67, 14146, 371, 1, 0, 14585, 1.00012
pre-proc-coef, 59, 14133, 375, 1, 0, 14568, 1.00012
pre-proc-coef, 58, 14264, 380, 1, 0, 14703, 1.00012
pre-proc-coef, 58, 14230, 375, 1, 0, 14664, 1.00012
pre-proc-coef, 60, 14163, 367, 1, 0, 14591, 1.00012
pre-proc-coef, 59, 14163, 373, 1, 0, 14596, 1.00012
pre-proc-coef, 60, 14160, 371, 1, 0, 14592, 1.00012
pre-proc-coef, 60, 14182, 371, 1, 0, 14614, 1.00012
pre-proc-coef, 64, 14237, 376, 1, 0, 14678, 1.00012
pre-proc-coef, 59, 14191, 374, 1, 0, 14625, 1.00012
pre-proc-coef, 58, 14187, 378, 1, 0, 14624, 1.00012
pre-proc-coef, 61, 14223, 374, 1, 0, 14659, 1.00012
pre-proc-coef, 58, 14209, 377, 1, 0, 14645, 1.00012
pre-proc-coef, 59, 14202, 375, 1, 0, 14637, 1.00012
pre-proc-coef, 70, 14200, 371, 1, 0, 14642, 1.00012
pre-proc-coef, 67, 14264, 378, 1, 0, 14710, 1.00012
pre-proc-coef, 60, 14172, 372, 1, 0, 14605, 1.00012
pre-proc-coef, 56, 14146, 381, 1, 0, 14584, 1.00012
pre-proc-coef, 58, 14167, 371, 1, 0, 14597, 1.00012
pre-proc-coef, 56, 14124, 370, 1, 0, 14551, 1.00012
pre-proc-coef, 68, 14107, 369, 1, 0, 14545, 1.00012
pre-proc-coef, 59, 14123, 367, 1, 0, 14550, 1.00012
pre-proc-coef, 56, 14063, 369, 1, 0, 14489, 1.00012
pre-proc-coef, 58, 14139, 374, 1, 0, 14572, 1.00012
pre-proc-coef, 57, 14156, 369, 1, 0, 14583, 1.00012
pre-proc-coef, 56, 14096, 374, 1, 0, 14527, 1.00012
pre-proc-coef, 58, 14125, 374, 1, 0, 14558, 1.00012
pre-proc-coef, 56, 14104, 376, 1, 0, 14537, 1.00012
pre-proc-coef, 59, 14096, 369, 1, 0, 14525, 1.00012
pre-proc-coef, 60, 14093, 368, 1, 0, 14522, 1.00012
pre-proc-coef, 57, 14104, 369, 1, 0, 14531, 1.00012
pre-proc-coef, 60, 14122, 369, 1, 0, 14552, 1.00012
pre-proc-coef, 60, 14144, 370, 1, 0, 14575, 1.00012
pre-proc-coef, 56, 14076, 370, 1, 0, 14503, 1.00012
pre-proc-coef, 56, 14068, 370, 1, 0, 14495, 1.00012
pre-proc-coef, 58, 14099, 370, 1, 0, 14528, 1.00012
pre-proc-coef, 60, 14138, 372, 1, 0, 14571, 1.00012
pre-proc-coef, 59, 14040, 368, 1, 0, 14468, 1.00012
pre-proc-coef, 56, 14077, 367, 1, 0, 14501, 1.00012
pre-proc-coef, 57, 14139, 372, 1, 0, 14569, 1.00012
pre-proc-coef, 60, 14097, 371, 1, 0, 14529, 1.00012
pre-proc-coef, 60, 14088, 373, 1, 0, 14522, 1.00012
pre-proc-coef, 56, 14077, 370, 1, 0, 14504, 1.00012
pre-proc-coef, 57, 14140, 370, 1, 0, 14568, 1.00012
pre-proc-coef, 58, 14087, 367, 1, 0, 14513, 1.00012
pre-proc-coef, 64, 14053, 372, 1, 0, 14490, 1.00012
pre-proc-coef, 56, 14083, 371, 1, 0, 14511, 1.00012
pre-proc-coef, 58, 14189, 375, 1, 0, 14623, 1.00012
pre-proc-coef, 60, 14079, 376, 1, 0, 14516, 1.00012
pre-proc-coef, 57, 14123, 371, 1, 0, 14552, 1.00012
pre-proc-coef, 57, 14114, 376, 1, 0, 14548, 1.00012
pre-proc-coef, 59, 14110, 370, 1, 0, 14540, 1.00012
pre-proc-coef, 58, 14047, 366, 1, 0, 14472, 1.00012
pre-proc-coef, 57, 14081, 369, 1, 0, 14508, 1.00012
pre-proc-coef, 59, 14052, 368, 1, 0, 14480, 1.00012
pre-proc-coef, 61, 14185, 374, 1, 0, 14621, 1.00012
pre-proc-coef, 64, 14151, 376, 1, 0, 14592, 1.00012
pre-proc-coef, 59, 14101, 372, 1, 0, 14533, 1.00012
pre-proc-coef, 58, 14147, 371, 1, 0, 14577, 1.00012
pre-proc-coef, 57, 14348, 368, 1, 0, 14774, 1.00012
pre-proc-coef, 60, 14165, 375, 1, 0, 14601, 1.00012
pre-proc-coef, 59, 14175, 374, 1, 0, 14609, 1.00012
pre-proc-coef, 57, 14078, 383, 1, 0, 14519, 1.00012
pre-proc-coef, 60, 14123, 377, 1, 0, 14561, 1.00012
pre-proc-coef, 58, 14063, 367, 1, 0, 14489, 1.00012
pre-proc-coef, 57, 14108, 372, 1, 0, 14538, 1.00012
pre-proc-coef, 60, 14118, 372, 1, 0, 14551, 1.00012
pre-proc-coef, 60, 14128, 367, 1, 0, 14556, 1.00012
pre-proc-coef, 62, 14088, 365, 1, 0, 14516, 1.00012
pre-proc-coef, 59, 14146, 375, 1, 0, 14581, 1.00012
pre-proc-coef, 56, 14082, 369, 1, 0, 14508, 1.00012
pre-proc-coef, 59, 14109, 378, 1, 0, 14547, 1.00012
pre-proc-coef, 58, 14068, 373, 1, 0, 14500, 1.00012
pre-proc-coef, 57, 14083, 370, 1, 0, 14511, 1.00012
pre-proc-coef, 57, 14137, 370, 1, 0, 14565, 1.00012
pre-proc-coef, 60, 14097, 365, 1, 0, 14523, 1.00012
pre-proc-coef, 56, 14080, 363, 1, 0, 14500, 1.00012
pre-proc-coef, 58, 14141, 369, 1, 0, 14569, 1.00012
pre-proc-coef, 57, 14188, 371, 1, 0, 14617, 1.00012
pre-proc-coef, 60, 14186, 374, 1, 0, 14621, 1.00012
pre-proc-coef, 57, 14163, 377, 1, 0, 14598, 1.00012
pre-proc-coef, 58, 14144, 379, 1, 0, 14582, 1.00012
pre-proc-coef, 60, 14177, 376, 1, 0, 14614, 1.00012
pre-proc-coef, 64, 14160, 367, 1, 0, 14592, 1.00012
pre-proc-coef, 58, 14151, 372, 1, 0, 14582, 1.00012
pre-proc-coef, 56, 14160, 377, 1, 0, 14594, 1.00012
pre-proc-coef, 59, 14153, 371, 1, 0, 14584, 1.00012
pre-proc-coef, 59, 14189, 375, 1, 0, 14624, 1.00012
pre-proc-coef, 66, 14152, 372, 1, 0, 14591, 1.00012
pre-proc-coef, 56, 14136, 374, 1, 0, 14567, 1.00012
pre-proc-coef, 58, 14195, 372, 1, 0, 14626, 1.00012
pre-proc-coef, 60, 14143, 370, 1, 0, 14574, 1.00012
pre-proc-coef, 57, 14152, 374, 1, 0, 14584, 1.00012
pre-proc-coef, 57, 14083, 373, 1, 0, 14514, 1.00012
pre-proc-coef, 71, 14097, 375, 1, 0, 14544, 1.00012
pre-proc-coef, 56, 14104, 366, 1, 0, 14527, 1.00012
pre-proc-coef, 65, 14062, 369, 1, 0, 14497, 1.00012
pre-proc-coef, 57, 14096, 372, 1, 0, 14526, 1.00012
pre-proc-coef, 56, 14123, 372, 1, 0, 14552, 1.00012
pre-proc-coef, 59, 14117, 368, 1, 0, 14545, 1.00012
pre-proc-coef, 58, 14131, 375, 1, 0, 14565, 1.00012
pre-proc-coef, 62, 14150, 373, 1, 0, 14586, 1.00012
pre-proc-coef, 57, 14152, 377, 1, 0, 14587, 1.00012
pre-proc-coef, 58, 14114, 368, 1, 0, 14541, 1.00012
pre-proc-coef, 57, 14069, 367, 1, 0, 14494, 1.00012
pre-proc-coef, 60, 14124, 372, 1, 0, 14557, 1.00012
pre-proc-coef, 64, 14126, 368, 1, 0, 14559, 1.00012
pre-proc-coef, 59, 14158, 367, 1, 0, 14585, 1.00012
pre-proc-coef, 59, 14133, 372, 1, 0, 14565, 1.00012
pre-proc-coef, 61, 14193, 373, 1, 0, 14628, 1.00012
pre-proc-coef, 61, 14141, 369, 1, 0, 14572, 1.00012
pre-proc-coef, 59, 14159, 371, 1, 0, 14590, 1.00012
pre-proc-coef, 61, 14092, 373, 1, 0, 14527, 1.00012
pre-proc-coef, 59, 14108, 372, 1, 0, 14540, 1.00012
pre-proc-coef, 59, 14145, 372, 1, 0, 14577, 1.00012
pre-proc-coef, 56, 14089, 366, 1, 0, 14512, 1.00012
pre-proc-coef, 56, 14110, 370, 1, 0, 14537, 1.00012
pre-proc-coef, 58, 14126, 371, 1, 0, 14556, 1.00012
pre-proc-coef, 58, 14132, 377, 1, 0, 14568, 1.00012
pre-proc-coef, 56, 14099, 367, 1, 0, 14523, 1.00012
pre-proc-coef, 58, 14099, 371, 1, 0, 14529, 1.00012
pre-proc-coef, 57, 14077, 369, 1, 0, 14504, 1.00012
pre-proc-coef, 60, 14162, 378, 1, 0, 14601, 1.00012
pre-proc-coef, 59, 14131, 367, 1, 0, 14558, 1.00012
pre-proc-coef, 57, 14076, 369, 1, 0, 14503, 1.00012
pre-proc-coef, 60, 14164, 377, 1, 0, 14602, 1.00012
pre-proc-coef, 58, 14135, 375, 1, 0, 14569, 1.00012
pre-proc-coef, 60, 14147, 372, 1, 0, 14580, 1.00012
pre-proc-coef, 64, 14078, 373, 1, 0, 14516, 1.00012
pre-proc-coef, 59, 14066, 374, 1, 0, 14500, 1.00012
pre-proc-coef, 57, 14080, 367, 1, 0, 14505, 1.00012
pre-proc-coef, 63, 14130, 372, 1, 0, 14566, 1.00012
pre-proc-coef, 57, 14066, 368, 1, 0, 14492, 1.00012
pre-proc-coef, 58, 14086, 369, 1, 0, 14514, 1.00012
pre-proc-coef, 56, 14095, 372, 1, 0, 14524, 1.00012
pre-proc-coef, 60, 14072, 368, 1, 0, 14501, 1.00012
pre-proc-coef, 57, 14106, 371, 1, 0, 14535, 1.00012
pre-proc-coef, 56, 14078, 368, 1, 0, 14503, 1.00012
pre-proc-coef, 56, 14081, 366, 1, 0, 14504, 1.00012
pre-proc-coef, 60, 14122, 369, 1, 0, 14552, 1.00012
pre-proc-coef, 60, 14124, 372, 1, 0, 14557, 1.00012
pre-proc-coef, 56, 14152, 369, 1, 0, 14578, 1.00012
pre-proc-coef, 56, 14112, 373, 1, 0, 14542, 1.00012
pre-proc-coef, 58, 14143, 370, 1, 0, 14572, 1.00012
pre-proc-coef, 60, 14118, 374, 1, 0, 14553, 1.00012
pre-proc-coef, 58, 14204, 375, 1, 0, 14638, 1.00012
pre-proc-coef, 60, 14166, 374, 1, 0, 14601, 1.00012
pre-proc-coef, 64, 14140, 366, 1, 0, 14571, 1.00012
pre-proc-coef, 56, 14109, 365, 1, 0, 14531, 1.00012
pre-proc-coef, 60, 14078, 370, 1, 0, 14509, 1.00012
pre-proc-coef, 57, 14122, 376, 1, 0, 14556, 1.00012
pre-proc-coef, 61, 14122, 371, 1, 0, 14555, 1.00012
pre-proc-coef, 60, 14143, 370, 1, 0, 14574, 1.00012
pre-proc-coef, 60, 14163, 375, 1, 0, 14599, 1.00012
pre-proc-coef, 64, 14120, 371, 1, 0, 14556, 1.00012
pre-proc-coef, 57, 14104, 368, 1, 0, 14530, 1.00012
pre-proc-coef, 60, 14211, 374, 1, 0, 14646, 1.00012
pre-proc-coef, 61, 14189, 377, 1, 0, 14628, 1.00012
pre-proc-coef, 59, 14170, 375, 1, 0, 14605, 1.00012
pre-proc-coef, 58, 14184, 371, 1, 0, 14614, 1.00012
pre-proc-coef, 64, 14178, 376, 1, 0, 14619, 1.00012
pre-proc-coef, 62, 14247, 374, 1, 0, 14684, 1.00012
pre-proc-coef, 59, 14181, 367, 1, 0, 14608, 1.00012
pre-proc-coef, 63, 14177, 379, 1, 0, 14620, 1.00012
pre-proc-coef, 60, 14151, 370, 1, 0, 14582, 1.00012
pre-proc-coef, 57, 14218, 376, 1, 0, 14652, 1.00012
pre-proc-coef, 58, 14152, 376, 1, 0, 14587, 1.00012
pre-proc-coef, 60, 14154, 374, 1, 0, 14589, 1.00012
pre-proc-coef, 59, 14110, 370, 1, 0, 14540, 1.00012
pre-proc-coef, 64, 14229, 377, 1, 0, 14671, 1.00012
pre-proc-coef, 58, 14161, 373, 1, 0, 14593, 1.00012
pre-proc-coef, 57, 14084, 372, 1, 0, 14514, 1.00012
pre-proc-coef, 61, 14169, 375, 1, 0, 14606, 1.00012
pre-proc-coef, 60, 14183, 378, 1, 0, 14622, 1.00012
pre-proc-coef, 57, 14180, 372, 1, 0, 14610, 1.00012
pre-proc-coef, 60, 14170, 374, 1, 0, 14605, 1.00012
pre-proc-coef, 56, 14193, 375, 1, 0, 14625, 1.00012
pre-proc-coef, 61, 14158, 390, 1, 0, 14610, 1.00012
pre-proc-coef, 64, 14165, 367, 1, 0, 14597, 1.00012
pre-proc-coef, 59, 14191, 380, 1, 0, 14631, 1.00012
pre-proc-coef, 61, 14180, 373, 1, 0, 14615, 1.00012
pre-proc-coef, 60, 14178, 373, 1, 0, 14612, 1.00012
pre-proc-coef, 63, 14198, 376, 1, 0, 14638, 1.00012
pre-proc-coef, 57, 14111, 371, 1, 0, 14540, 1.00012
pre-proc-coef, 58, 14192, 373, 1, 0, 14624, 1.00012
pre-proc-coef, 59, 14228, 373, 1, 0, 14661, 1.00012
pre-proc-coef, 58, 14210, 379, 1, 0, 14648, 1.00012
pre-proc-coef, 56, 14118, 377, 1, 0, 14552, 1.00012
pre-proc-coef, 59, 14172, 378, 1, 0, 14610, 1.00012
pre-proc-coef, 58, 14161, 372, 1, 0, 14592, 1.00012
pre-proc-coef, 57, 14137, 368, 1, 0, 14563, 1.00012
pre-proc-coef, 64, 14133, 372, 1, 0, 14570, 1.00012
pre-proc-coef, 57, 14137, 372, 1, 0, 14567, 1.00012
pre-proc-coef, 57, 14205, 371, 1, 0, 14634, 1.00012
pre-proc-coef, 56, 14140, 375, 1, 0, 14572, 1.00012
pre-proc-coef, 58, 14194, 372, 1, 0, 14625, 1.00012
pre-proc-coef, 57, 14106, 371, 1, 0, 14535, 1.00012
pre-proc-coef, 58, 14145, 369, 1, 0, 14573, 1.00012
pre-proc-coef, 57, 14163, 371, 1, 0, 14592, 1.00012
pre-proc-coef, 57, 14170, 370, 1, 0, 14598, 1.00012
pre-proc-coef, 56, 14174, 373, 1, 0, 14604, 1.00012
pre-proc-coef, 60, 14194, 372, 1, 0, 14627, 1.00012
pre-proc-coef, 59, 14199, 371, 1, 0, 14630, 1.00012
pre-proc-coef, 59, 14152, 366, 1, 0, 14578, 1.00012
pre-proc-coef, 59, 14181, 378, 1, 0, 14619, 1.00012
pre-proc-coef, 57, 14131, 370, 1, 0, 14559, 1.00012
pre-proc-coef, 58, 14185, 373, 1, 0, 14617, 1.00012
pre-proc-coef, 58, 14110, 374, 1, 0, 14543, 1.00012
pre-proc-coef, 58, 14092, 374, 1, 0, 14525, 1.00012
pre-proc-coef, 57, 14162, 372, 1, 0, 14592, 1.00012
pre-proc-coef, 60, 14098, 365, 1, 0, 14524, 1.00012
pre-proc-coef, 59, 14060, 367, 1, 0, 14487, 1.00012
pre-proc-coef, 57, 14111, 370, 1, 0, 14539, 1.00012
pre-proc-coef, 57, 14133, 369, 1, 0, 14560, 1.00012
pre-proc-coef, 59, 14101, 373, 1, 0, 14534, 1.00012
pre-proc-coef, 57, 14083, 376, 1, 0, 14517, 1.00012
pre-proc-coef, 57, 14108, 376, 1, 0, 14542, 1.00012
pre-proc-coef, 58, 14129, 373, 1, 0, 14561, 1.00012
pre-proc-coef, 56, 14110, 365, 1, 0, 14532, 1.00012
pre-proc-coef, 59, 14132, 373, 1, 0, 14565, 1.00012
pre-proc-coef, 60, 14200, 374, 1, 0, 14635, 1.00012
pre-proc-coef, 57, 14130, 370, 1, 0, 14558, 1.00012
pre-proc-coef, 61, 14141, 370, 1, 0, 14573, 1.00012
pre-proc-coef, 59, 14079, 368, 1, 0, 14507, 1.00012
pre-proc-coef, 58, 14141, 375, 1, 0, 14575, 1.00012
pre-proc-coef, 59, 14167, 375, 1, 0, 14602, 1.00012
pre-proc-coef, 58, 14090, 367, 1, 0, 14516, 1.00012
pre-proc-coef, 57, 14085, 372, 1, 0, 14515, 1.00012
pre-proc-coef, 56, 14113, 370, 1, 0, 14540, 1.00012
pre-proc-coef, 58, 14108, 373, 1, 0, 14540, 1.00012
pre-proc-coef, 59, 14098, 370, 1, 0, 14528, 1.00012
pre-proc-coef, 58, 14132, 374, 1, 0, 14565, 1.00012
pre-proc-coef, 56, 14154, 371, 1, 0, 14582, 1.00012
pre-proc-coef, 58, 14180, 374, 1, 0, 14613, 1.00012
pre-proc-coef, 57, 14104, 369, 1, 0, 14531, 1.00012
pre-proc-coef, 63, 14189, 374, 1, 0, 14627, 1.00012
pre-proc-coef, 59, 14211, 374, 1, 0, 14645, 1.00012
pre-proc-coef, 57, 14216, 382, 1, 0, 14656, 1.00012
pre-proc-coef, 61, 14190, 373, 1, 0, 14625, 1.00012
pre-proc-coef, 59, 14215, 377, 1, 0, 14652, 1.00012
pre-proc-coef, 57, 14248, 376, 1, 0, 14682, 1.00012
pre-proc-coef-rot, 417, 14403, 389, 1, 0, 15210, 1.00012
pre-proc-coef-rot, 418, 14293, 390, 1, 0, 15102, 1.00012
pre-proc-coef-rot, 415, 14281, 387, 1, 0, 15084, 1.00012
pre-proc-coef-rot, 414, 14313, 389, 1, 0, 15117, 1.00012
pre-proc-coef-rot, 418, 14318, 390, 1, 0, 15127, 1.00012
pre-proc-coef-rot, 416, 14305, 388, 1, 0, 15110, 1.00012
pre-proc-coef-rot, 420, 14351, 389, 1, 0, 15161, 1.00012
pre-proc-coef-rot, 421, 14265, 392, 1, 0, 15079, 1.00012
pre-proc-coef-rot, 419, 14296, 386, 1, 0, 15102, 1.00012
pre-proc-coef-rot, 417, 14232, 388, 1, 0, 15038, 1.00012
pre-proc-coef-rot, 417, 14329, 393, 1, 0, 15140, 1.00012
pre-proc-coef-rot, 418, 14324, 393, 1, 0, 15136, 1.00012
pre-proc-coef-rot, 418, 14306, 392, 1, 0, 15117, 1.00012
pre-proc-coef-rot, 423, 14264, 388, 1, 0, 15076, 1.00012
pre-proc-coef-rot, 421, 14240, 385, 1, 0, 15047, 1.00012
pre-proc-coef-rot, 416, 14344, 397, 1, 0, 15158, 1.00012
pre-proc-coef-rot, 419, 14327, 391, 1, 0, 15138, 1.00012
pre-proc-coef-rot, 416, 14235, 391, 1, 0, 15043, 1.00012
pre-proc-coef-rot, 417, 14299, 392, 1, 0, 15109, 1.00012
pre-proc-coef-rot, 415, 14334, 390, 1, 0, 15140, 1.00012
pre-proc-coef-rot, 418, 14344, 390, 1, 0, 15153, 1.00012
pre-proc-coef-rot, 415, 14248, 388, 1, 0, 15052, 1.00012
pre-proc-coef-rot, 425, 14429, 386, 1, 0, 15241, 1.00012
pre-proc-coef-rot, 425, 14271, 390, 1, 0, 15087, 1.00012
pre-proc-coef-rot, 420, 14221, 390, 1, 0, 15032, 1.00012
pre-proc-coef-rot, 417, 14232, 387, 1, 0, 15037, 1.00012
pre-proc-coef-rot, 415, 14325, 393, 1, 0, 15134, 1.00012
pre-proc-coef-rot, 421, 14274, 389, 1, 0, 15085, 1.00012
pre-proc-coef-rot, 417, 14233, 389, 1, 0, 15040, 1.00012
pre-proc-coef-rot, 415, 14248, 388, 1, 0, 15052, 1.00012
pre-proc-coef-rot, 417, 14283, 394, 1, 0, 15095, 1.00012
pre-proc-coef-rot, 421, 14233, 386, 1, 0, 15041, 1.00012
pre-proc-coef-rot, 413, 14260, 388, 1, 0, 15062, 1.00012
pre-proc-coef-rot, 414, 14278, 393, 1, 0, 15086, 1.00012
pre-proc-coef-rot, 414, 14303, 391, 1, 0, 15109, 1.00012
pre-proc-coef-rot, 416, 14208, 388, 1, 0, 15013, 1.00012
pre-proc-coef-rot, 417, 14223, 392, 1, 0, 15033, 1.00012
pre-proc-coef-rot, 420, 14247, 388, 1, 0, 15056, 1.00012
pre-proc-coef-rot, 420, 14281, 392, 1, 0, 15094, 1.00012
pre-proc-coef-rot, 416, 14229, 386, 1, 0, 15032, 1.00012
pre-proc-coef-rot, 416, 14240, 386, 1, 0, 15043, 1.00012
pre-proc-coef-rot, 416, 14241, 385, 1, 0, 15043, 1.00012
pre-proc-coef-rot, 417, 14254, 392, 1, 0, 15064, 1.00012
pre-proc-coef-rot, 419, 14252, 385, 1, 0, 15057, 1.00012
pre-proc-coef-rot, 417, 14273, 391, 1, 0, 15082, 1.00012
pre-proc-coef-rot, 418, 14231, 390, 1, 0, 15040, 1.00012
pre-proc-coef-rot, 417, 14273, 386, 1, 0, 15077, 1.00012
pre-proc-coef-rot, 422, 14228, 389, 1, 0, 15040, 1.00012
pre-proc-coef-rot, 415, 14217, 387, 1, 0, 15020, 1.00012
pre-proc-coef-rot, 415, 14230, 390, 1, 0, 15036, 1.00012
pre-proc-coef-rot, 420, 14224, 387, 1, 0, 15032, 1.00012
pre-proc-coef-rot, 414, 14219, 387, 1, 0, 15021, 1.00012
pre-proc-coef-rot, 416, 14231, 386, 1, 0, 15034, 1.00012
pre-proc-coef-rot, 415, 14227, 387, 1, 0, 15030, 1.00012
pre-proc-coef-rot, 418, 14310, 392, 1, 0, 15121, 1.00012
pre-proc-coef-rot, 418, 14231, 384, 1, 0, 15034, 1.00012
pre-proc-coef-rot, 414, 14299, 391, 1, 0, 15105, 1.00012
pre-proc-coef-rot, 417, 14334, 390, 1, 0, 15142, 1.00012
pre-proc-coef-rot, 417, 14281, 387, 1, 0, 15086, 1.00012
pre-proc-coef-rot, 416, 14299, 388, 1, 0, 15104, 1.00012
pre-proc-coef-rot, 417, 14316, 393, 1, 0, 15127, 1.00012
pre-proc-coef-rot, 416, 14347, 391, 1, 0, 15155, 1.00012
pre-proc-coef-rot, 419, 14285, 385, 1, 0, 15090, 1.00012
pre-proc-coef-rot, 413, 14275, 388, 1, 0, 15077, 1.00012
pre-proc-coef-rot, 415, 14325, 394, 1, 0, 15135, 1.00012
pre-proc-coef-rot, 419, 14321, 385, 1, 0, 15126, 1.00012
pre-proc-coef-rot, 423, 14260, 387, 1, 0, 15071, 1.00012
pre-proc-coef-rot, 417, 14231, 388, 1, 0, 15037, 1.00012
pre-proc-coef-rot, 417, 14281, 386, 1, 0, 15085, 1.00012
pre-proc-coef-rot, 423, 14324, 391, 1, 0, 15139, 1.00012
pre-proc-coef-rot, 425, 14230, 390, 1, 0, 15046, 1.00012
pre-proc-coef-rot, 413, 14213, 389, 1, 0, 15016, 1.00012
pre-proc-coef-rot, 412, 14310, 393, 1, 0, 15116, 1.00012
pre-proc-coef-rot, 416, 14257, 387, 1, 0, 15061, 1.00012
pre-proc-coef-rot, 419, 14221, 386, 1, 0, 15027, 1.00012
pre-proc-coef-rot, 413, 14234, 385, 1, 0, 15033, 1.00012
pre-proc-coef-rot, 418, 14273, 387, 1, 0, 15079, 1.00012
pre-proc-coef-rot, 417, 14263, 383, 1, 0, 15064, 1.00012
pre-proc-coef-rot, 412, 14266, 392, 1, 0, 15071, 1.00012
pre-proc-coef-rot, 418, 14242, 390, 1, 0, 15051, 1.00012
pre-proc-coef-rot, 418, 14269, 384, 1, 0, 15072, 1.00012
pre-proc-coef-rot, 419, 14277, 385, 1, 0, 15082, 1.00012
pre-proc-coef-rot, 416, 14248, 391, 1, 0, 15056, 1.00012
pre-proc-coef-rot, 414, 14233, 385, 1, 0, 15033, 1.00012
pre-proc-coef-rot, 418, 14309, 391, 1, 0, 15119, 1.00012
pre-proc-coef-rot, 418, 14229, 382, 1, 0, 15030, 1.00012
pre-proc-coef-rot, 416, 14198, 388, 1, 0, 15003, 1.00012
pre-proc-coef-rot, 414, 14224, 386, 1, 0, 15025, 1.00012
pre-proc-coef-rot, 416, 14244, 384, 1, 0, 15045, 1.00012
pre-proc-coef-rot, 415, 14237, 386, 1, 0, 15039, 1.00012
pre-proc-coef-rot, 421, 14183, 386, 1, 0, 14991, 1.00012
pre-proc-coef-rot, 426, 14170, 390, 1, 0, 14987, 1.00012
pre-proc-coef-rot, 415, 14222, 388, 1, 0, 15026, 1.00012
pre-proc-coef-rot, 414, 14244, 389, 1, 0, 15048, 1.00012
pre-proc-coef-rot, 417, 14239, 386, 1, 0, 15043, 1.00012
pre-proc-coef-rot, 415, 14299, 390, 1, 0, 15105, 1.00012
pre-proc-coef-rot, 415, 14277, 394, 1, 0, 15087, 1.00012
pre-proc-coef-rot, 418, 14193, 382, 1, 0, 14994, 1.00012
pre-proc-coef-rot, 415, 14181, 389, 1, 0, 14986, 1.00012
pre-proc-coef-rot, 417, 14261, 389, 1, 0, 15068, 1.00012
pre-proc-coef-rot, 418, 14308, 386, 1, 0, 15113, 1.00012
pre-proc-coef-rot, 414, 14186, 387, 1, 0, 14988, 1.00012
pre-proc-coef-rot, 415, 14245, 391, 1, 0, 15052, 1.00012
pre-proc-coef-rot, 418, 14287, 393, 1, 0, 15099, 1.00012
pre-proc-coef-rot, 424, 14213, 391, 1, 0, 15029, 1.00012
pre-proc-coef-rot, 411, 14180, 389, 1, 0, 14981, 1.00012
pre-proc-coef-rot, 416, 14220, 389, 1, 0, 15026, 1.00012
pre-proc-coef-rot, 421, 14258, 389, 1, 0, 15069, 1.00012
pre-proc-coef-rot, 416, 14211, 388, 1, 0, 15016, 1.00012
pre-proc-coef-rot, 418, 14168, 388, 1, 0, 14975, 1.00012
pre-proc-coef-rot, 415, 14255, 388, 1, 0, 15059, 1.00012
pre-proc-coef-rot, 413, 14203, 387, 1, 0, 15004, 1.00012
pre-proc-coef-rot, 416, 14201, 390, 1, 0, 15008, 1.00012
pre-proc-coef-rot, 415, 14185, 387, 1, 0, 14988, 1.00012
pre-proc-coef-rot, 415, 14233, 391, 1, 0, 15040, 1.00012
pre-proc-coef-rot, 415, 14279, 391, 1, 0, 15086, 1.00012
pre-proc-coef-rot, 417, 14310, 392, 1, 0, 15120, 1.00012
pre-proc-coef-rot, 419, 14261, 391, 1, 0, 15072, 1.00012
pre-proc-coef-rot, 416, 14235, 391, 1, 0, 15043, 1.00012
pre-proc-coef-rot, 416, 14270, 387, 1, 0, 15074, 1.00012
pre-proc-coef-rot, 421, 14326, 392, 1, 0, 15140, 1.00012
pre-proc-coef-rot, 421, 14241, 388, 1, 0, 15051, 1.00012
pre-proc-coef-rot, 417, 14283, 391, 1, 0, 15092, 1.00012
pre-proc-coef-rot, 416, 14306, 392, 1, 0, 15115, 1.00012
pre-proc-coef-rot, 417, 14231, 384, 1, 0, 15033, 1.00012
pre-proc-coef-rot, 414, 14333, 390, 1, 0, 15138, 1.00012
pre-proc-coef-rot, 419, 14279, 389, 1, 0, 15088, 1.00012
pre-proc-coef-rot, 419, 14279, 384, 1, 0, 15083, 1.00012
pre-proc-coef-rot, 417, 14336, 393, 1, 0, 15147, 1.00012
pre-proc-coef-rot, 419, 14324, 391, 1, 0, 15135, 1.00012
pre-proc-coef-rot, 420, 14353, 387, 1, 0, 15161, 1.00012
pre-proc-coef-rot, 419, 14361, 394, 1, 0, 15175, 1.00012
pre-proc-coef-rot, 418, 14373, 393, 1, 0, 15185, 1.00012
pre-proc-coef-rot, 415, 14269, 389, 1, 0, 15074, 1.00012
pre-proc-coef-rot, 416, 14299, 389, 1, 0, 15105, 1.00012
pre-proc-coef-rot, 418, 14347, 391, 1, 0, 15157, 1.00012
pre-proc-coef-rot, 416, 14318, 388, 1, 0, 15123, 1.00012
pre-proc-coef-rot, 415, 14328, 393, 1, 0, 15137, 1.00012
pre-proc-coef-rot, 416, 14329, 391, 1, 0, 15137, 1.00012
pre-proc-coef-rot, 417, 14334, 392, 1, 0, 15144, 1.00012
pre-proc-coef-rot, 415, 14254, 385, 1, 0, 15055, 1.00012
pre-proc-coef-rot, 421, 14281, 393, 1, 0, 15096, 1.00012
pre-proc-coef-rot, 431, 14245, 388, 1, 0, 15065, 1.00012
pre-proc-coef-rot, 416, 14226, 389, 1, 0, 15032, 1.00012
pre-proc-coef-rot, 421, 14342, 391, 1, 0, 15155, 1.00012
pre-proc-coef-rot, 418, 14236, 390, 1, 0, 15045, 1.00012
pre-proc-coef-rot, 424, 14320, 390, 1, 0, 15135, 1.00012
pre-proc-coef-rot, 414, 14226, 391, 1, 0, 15032, 1.00012
pre-proc-coef-rot, 412, 14322, 389, 1, 0, 15124, 1.00012
pre-proc-coef-rot, 418, 14224, 388, 1, 0, 15031, 1.00012
pre-proc-coef-rot, 417, 14289, 390, 1, 0, 15097, 1.00012
pre-proc-coef-rot, 418, 14197, 388, 1, 0, 15004, 1.00012
pre-proc-coef-rot, 415, 14209, 386, 1, 0, 15011, 1.00012
pre-proc-coef-rot, 413, 14318, 389, 1, 0, 15121, 1.00012
pre-proc-coef-rot, 414, 14315, 389, 1, 0, 15119, 1.00012
pre-proc-coef-rot, 417, 14240, 383, 1, 0, 15041, 1.00012
pre-proc-coef-rot, 415, 14318, 393, 1, 0, 15127, 1.00012
pre-proc-coef-rot, 414, 14320, 392, 1, 0, 15127, 1.00012
pre-proc-coef-rot, 420, 14314, 389, 1, 0, 15124, 1.00012
pre-proc-coef-rot, 415, 14344, 391, 1, 0, 15151, 1.00012
pre-proc-coef-rot, 416, 14204, 395, 1, 0, 15016, 1.00012
pre-proc-coef-rot, 416, 14244, 385, 1, 0, 15046, 1.00012
pre-proc-coef-rot, 413, 14243, 389, 1, 0, 15046, 1.00012
pre-proc-coef-rot, 420, 14259, 388, 1, 0, 15068, 1.00012
pre-proc-coef-rot, 414, 14221, 387, 1, 0, 15023, 1.00012
pre-proc-coef-rot, 415, 14216, 387, 1, 0, 15019, 1.00012
pre-proc-coef-rot, 416, 14213, 389, 1, 0, 15019, 1.00012
pre-proc-coef-rot, 414, 14181, 391, 1, 0, 14987, 1.00012
pre-proc-coef-rot, 416, 14203, 385, 1, 0, 15005, 1.00012
pre-proc-coef-rot, 424, 14206, 387, 1, 0, 15018, 1.00012
pre-proc-coef-rot, 417, 14179, 385, 1, 0, 14982, 1.00012
pre-proc-coef-rot, 415, 14261, 389, 1, 0, 15066, 1.00012
pre-proc-coef-rot, 413, 14213, 393, 1, 0, 15020, 1.00012
pre-proc-coef-rot, 417, 14235, 390, 1, 0, 15043, 1.00012
pre-proc-coef-rot, 415, 14270, 388, 1, 0, 15074, 1.00012
pre-proc-coef-rot, 419, 14263, 391, 1, 0, 15074, 1.00012
pre-proc-coef-rot, 416, 14272, 395, 1, 0, 15084, 1.00012
pre-proc-coef-rot, 415, 14222, 388, 4, 0, 15029, 1.00012
pre-proc-coef-rot, 415, 14167, 383, 1, 0, 14966, 1.00012
pre-proc-coef-rot, 416, 14210, 389, 1, 0, 15016, 1.00012
pre-proc-coef-rot, 414, 14184, 387, 1, 0, 14986, 1.00012
pre-proc-coef-rot, 416, 14198, 387, 1, 0, 15002, 1.00012
pre-proc-coef-rot, 414, 14168, 389, 1, 0, 14972, 1.00012
pre-proc-coef-rot, 418, 14239, 390, 1, 0, 15048, 1.00012
pre-proc-coef-rot, 418, 14206, 386, 1, 0, 15011, 1.00012
pre-proc-coef-rot, 412, 14246, 389, 1, 0, 15048, 1.00012
pre-proc-coef-rot, 415, 14162, 386, 1, 0, 14964, 1.00012
pre-proc-coef-rot, 415, 14179, 388, 1, 0, 14983, 1.00012
pre-proc-coef-rot, 415, 14181, 391, 1, 0, 14988, 1.00012
pre-proc-coef-rot, 417, 14195, 384, 1, 0, 14997, 1.00012
pre-proc-coef-rot, 420, 14240, 392, 1, 0, 15053, 1.00012
pre-proc-coef-rot, 417, 14212, 387, 1, 0, 15017, 1.00012
pre-proc-coef-rot, 415, 14179, 386, 1, 0, 14981, 1.00012
pre-proc-coef-rot, 417, 14238, 392, 1, 0, 15048, 1.00012
pre-proc-coef-rot, 415, 14164, 387, 1, 0, 14967, 1.00012
pre-proc-coef-rot, 418, 14185, 386, 1, 0, 14990, 1.00012
pre-proc-coef-rot, 419, 14253, 394, 1, 0, 15067, 1.00012
pre-proc-coef-rot, 419, 14190, 388, 1, 0, 14998, 1.00012
pre-proc-coef-rot, 414, 14264, 390, 1, 0, 15069, 1.00012
pre-proc-coef-rot, 416, 14262, 388, 1, 0, 15067, 1.00012
pre-proc-coef-rot, 419, 14248, 383, 1, 0, 15051, 1.00012
pre-proc-coef-rot, 418, 14309, 386, 1, 0, 15114, 1.00012
pre-proc-coef-rot, 415, 14219, 387, 1, 0, 15022, 1.00012
pre-proc-coef-rot, 414, 14287, 389, 1, 0, 15091, 1.00012
pre-proc-coef-rot, 421, 14218, 393, 1, 0, 15033, 1.00012
pre-proc-coef-rot, 423, 14214, 388, 1, 0, 15026, 1.00012
pre-proc-coef-rot, 416, 14219, 387, 1, 0, 15023, 1.00012
pre-proc-coef-rot, 419, 14213, 389, 1, 0, 15022, 1.00012
pre-proc-coef-rot, 411, 14197, 387, 1, 0, 14996, 1.00012
pre-proc-coef-rot, 416, 14152, 386, 1, 0, 14955, 1.00012
pre-proc-coef-rot, 414, 14168, 383, 1, 0, 14966, 1.00012
pre-proc-coef-rot, 412, 14222, 388, 1, 0, 15023, 1.00012
pre-proc-coef-rot, 416, 14259, 389, 1, 0, 15065, 1.00012
pre-proc-coef-rot, 417, 14198, 390, 1, 0, 15006, 1.00012
pre-proc-coef-rot, 417, 14199, 396, 1, 0, 15013, 1.00012
pre-proc-coef-rot, 421, 14256, 386, 1, 0, 15064, 1.00012
pre-proc-coef-rot, 420, 14193, 386, 1, 0, 15000, 1.00012
pre-proc-coef-rot, 415, 14182, 384, 1, 0, 14982, 1.00012
pre-proc-coef-rot, 418, 14257, 393, 1, 0, 15069, 1.00012
pre-proc-coef-rot, 417, 14231, 400, 1, 0, 15049, 1.00012
pre-proc-coef-rot, 414, 14176, 389, 1, 0, 14980, 1.00012
pre-proc-coef-rot, 421, 14163, 382, 1, 0, 14967, 1.00012
pre-proc-coef-rot, 420, 14259, 394, 1, 0, 15074, 1.00012
pre-proc-coef-rot, 416, 14209, 386, 1, 0, 15012, 1.00012
pre-proc-coef-rot, 417, 14166, 388, 1, 0, 14972, 1.00012
pre-proc-coef-rot, 414, 14196, 387, 1, 0, 14998, 1.00012
pre-proc-coef-rot, 414, 14234, 388, 1, 0, 15037, 1.00012
pre-proc-coef-rot, 417, 14295, 389, 1, 0, 15102, 1.00012
pre-proc-coef-rot, 416, 14218, 384, 1, 0, 15019, 1.00012
pre-proc-coef-rot, 417, 14183, 388, 1, 0, 14989, 1.00012
pre-proc-coef-rot, 414, 14250, 390, 1, 0, 15055, 1.00012
pre-proc-coef-rot, 416, 14263, 391, 1, 0, 15071, 1.00012
pre-proc-coef-rot, 413, 14179, 388, 1, 0, 14981, 1.00012
pre-proc-coef-rot, 414, 14181, 383, 1, 0, 14979, 1.00012
pre-proc-coef-rot, 420, 14290, 389, 1, 0, 15100, 1.00012
pre-proc-coef-rot, 418, 14258, 390, 1, 0, 15067, 1.00012
pre-proc-coef-rot, 419, 14188, 383, 1, 0, 14991, 1.00012
pre-proc-coef-rot, 415, 14257, 390, 1, 0, 15063, 1.00012
pre-proc-coef-rot, 417, 14242, 388, 1, 0, 15048, 1.00012
pre-proc-coef-rot, 421, 14249, 390, 1, 0, 15061, 1.00012
pre-proc-coef-rot, 417, 14273, 389, 1, 0, 15080, 1.00012
pre-proc-coef-rot, 415, 14216, 388, 1, 0, 15020, 1.00012
pre-proc-coef-rot, 415, 14217, 390, 1, 0, 15023, 1.00012
pre-proc-coef-rot, 417, 14243, 388, 1, 0, 15049, 1.00012
pre-proc-coef-rot, 415, 14283, 389, 1, 0, 15088, 1.00012
pre-proc-coef-rot, 420, 14324, 392, 1, 0, 15137, 1.00012
pre-proc-coef-rot, 417, 14319, 393, 1, 0, 15130, 1.00012
pre-proc-coef-rot, 417, 14225, 385, 1, 0, 15028, 1.00012
pre-proc-coef-rot, 415, 14184, 384, 1, 0, 14984, 1.00012
pre-proc-coef-rot, 419, 14202, 386, 1, 0, 15008, 1.00012
